txn_id,upi_id,timestamp,amount,location,label
2d3338c4-2bff-4749-83fc-28ba6cc02ca8,user93@bank,2025-04-19T11:01:30.002643,1502.36,Chennai,fraud
46f15608-1fe7-4949-a7e0-071d72ac9577,user90@bank,2025-04-21T14:14:30.002643,3484.06,Delhi,legit
d0fe7fc2-da7c-4178-945c-af18a498d1f1,user20@bank,2025-04-16T14:29:30.003640,1224.59,Delhi,legit
d0bc07a3-492e-46cf-b943-336a01eb858c,user18@bank,2025-04-16T23:34:30.003640,191.05,Mumbai,legit
aed6cb3d-f1d9-4170-9113-61a9052ba18b,user46@bank,2025-04-21T06:11:30.003640,651.21,Mumbai,legit
4a1b9fac-e247-4b1f-b4b9-7f9f425bfa60,user85@bank,2025-04-15T12:05:30.003640,2486.32,Delhi,legit
27ac4cae-1130-42be-8071-726311f2b792,user89@bank,2025-04-19T03:49:30.003640,673.33,Mumbai,legit
e86d1791-66cf-44c1-9ca4-5172a7450c7d,user36@bank,2025-04-16T03:00:30.003640,2029.02,Mumbai,legit
54a0ea8b-fe17-4ceb-b6fe-a0b4e0bbaafb,user69@bank,2025-04-17T18:47:30.003640,4153.93,Chennai,legit
f1239927-8740-4772-aa27-9c7c3831f040,user30@bank,2025-04-18T05:27:30.003640,1847.18,Mumbai,legit
e9d3d066-6579-4038-8c34-11bdb40ad58c,user27@bank,2025-04-21T03:29:30.003640,1995.79,Delhi,legit
9e800ce4-d7e5-4ce0-9845-0390488e8424,user59@bank,2025-04-21T08:24:30.003640,4327.25,Delhi,legit
4d92cbae-d1eb-4b10-b06c-4770e2330730,user29@bank,2025-04-19T16:48:30.003640,4127.83,Delhi,legit
f0cf3e3a-2288-42d1-a7e7-97acabfb35cf,user94@bank,2025-04-17T16:31:30.003640,3460.21,Mumbai,legit
56e22b46-d405-4eee-84c2-e36146d81453,user38@bank,2025-04-19T00:32:30.003640,3249.63,Chennai,legit
8ee1c9fc-5860-44ff-acb3-29f93d41221d,user21@bank,2025-04-15T11:22:30.003640,4842.94,Chennai,legit
faa4dc1d-d138-455b-aa88-2fb1bd08895b,user2@bank,2025-04-19T09:42:30.003640,2021.51,Mumbai,legit
77fea511-515f-43b5-a13c-111624e5adc4,user37@bank,2025-04-17T10:01:30.003640,129.6,Chennai,legit
acb424ba-f4be-41d7-bd28-867ca9cd7207,user3@bank,2025-04-19T20:45:30.003640,3130.03,Mumbai,legit
5fe82c9e-2477-4d30-a1fa-6901a9cd8291,user16@bank,2025-04-20T02:35:30.003640,4507.16,Delhi,legit
d1305acd-8f3f-432e-bf04-4a614774ac8d,user61@bank,2025-04-14T23:09:30.003640,4052.56,Delhi,legit
5caef4f6-d600-47e1-9c5f-552ea1fdc8ad,user67@bank,2025-04-19T20:08:30.003640,4859.99,Delhi,legit
15c21fa0-63b4-494f-9405-0acc4f367504,user37@bank,2025-04-19T10:54:30.003640,4159.36,Chennai,legit
7b7c3f49-dbe4-4777-b85c-fb0d42ef83f0,user25@bank,2025-04-19T00:25:30.003640,4158.45,Chennai,legit
a3f55818-9727-4c0c-9ed5-4fc48fed7003,user1@bank,2025-04-17T06:38:30.003640,390.47,Chennai,legit
0ad24c67-854a-4b2d-a5e3-1a4dd9db6d82,user81@bank,2025-04-19T17:32:30.003640,1379.39,Delhi,legit
e2da2a74-e489-4d8a-84e4-66861690b57c,user21@bank,2025-04-18T19:55:30.003640,3187.48,Delhi,legit
91b20fe3-81a0-414e-8ac3-e2a263772b9f,user56@bank,2025-04-18T00:52:30.003640,3005.75,Mumbai,legit
41a1950f-7e56-4a46-b71c-e83f8ad2ff41,user20@bank,2025-04-20T11:41:30.003640,4554.61,Delhi,legit
490298c7-755e-4a79-bbe7-95d8fc917e37,user81@bank,2025-04-21T10:42:30.003640,2129.99,Chennai,legit
2667594c-019b-4198-a8e4-f596850f5063,user27@bank,2025-04-19T13:43:30.003640,3857.32,Mumbai,legit
d3745416-3120-469c-8a60-e709c7833187,user81@bank,2025-04-17T08:26:30.003640,2366.42,Chennai,legit
0db8b3f2-756f-4d43-a5a6-8735268d43d8,user10@bank,2025-04-16T08:28:30.004638,3609.03,Mumbai,legit
bef66aaf-f8c8-430b-80fc-88731f492d20,user68@bank,2025-04-20T20:27:30.004638,3131.86,Mumbai,legit
262739a3-e7d2-435f-bbc3-101f79152f3c,user41@bank,2025-04-18T02:27:30.004638,3080.03,Chennai,legit
d64846c3-80b6-4e06-9fd0-f57397ec3d3d,user34@bank,2025-04-19T04:24:30.004638,4032.56,Delhi,legit
6f170f90-829f-4e3d-a83b-ed1b92b31297,user40@bank,2025-04-15T12:59:30.004638,1464.54,Mumbai,legit
f0f2d277-2f21-4ada-96ea-0c9d129e2661,user11@bank,2025-04-15T20:44:30.004638,4360.19,Mumbai,legit
e62f1647-78a8-4779-b6a1-952ce031d3e8,user25@bank,2025-04-16T21:44:30.004638,1598.55,Mumbai,legit
7eba61f0-d6b7-4c7d-9e13-5014bef7c07c,user47@bank,2025-04-20T19:20:30.004638,658.33,Mumbai,legit
a704eb91-840f-4116-bf78-e7c69ff89251,user30@bank,2025-04-19T21:17:30.004638,965.4,Delhi,legit
2c527bdd-c12b-4337-b015-dba86eac450c,user31@bank,2025-04-18T14:26:30.004638,2032.06,Mumbai,legit
4788b855-ea5e-4163-9242-c60b0c2d2fa6,user71@bank,2025-04-15T02:04:30.004638,1536.75,Chennai,legit
c7351de0-6e00-40f4-bdd0-27696bdc43df,user99@bank,2025-04-19T11:45:30.004638,2270.97,Mumbai,legit
56938912-4887-4bff-a9e4-5fd761e2aa37,user23@bank,2025-04-20T13:53:30.004638,4489.48,Chennai,legit
6ae5f650-7a08-461a-b5ed-a59c753e74da,user40@bank,2025-04-19T01:45:30.004638,97.47,Mumbai,legit
9f74f537-6872-4db5-8e82-bcde4877b6b3,user45@bank,2025-04-19T20:07:30.004638,1154.64,Chennai,legit
6aae8245-c54c-438b-adb9-92d0cdb26467,user27@bank,2025-04-17T01:23:30.004638,17.04,Chennai,legit
12cf08da-55f1-4f1a-b9f4-98d31c9177a8,user93@bank,2025-04-21T07:24:30.004638,770.51,Mumbai,legit
429d5208-0164-427d-8829-bb43d3e449c5,user56@bank,2025-04-16T15:44:30.004638,2133.61,Delhi,legit
cf09a2a4-494d-4223-903e-7188f89175c2,user2@bank,2025-04-15T15:59:30.004638,1998.57,Delhi,legit
cbb119e7-6919-4cbe-8967-c94fb74bbffb,user18@bank,2025-04-20T07:52:30.004638,2043.72,Delhi,fraud
3e165544-46f9-4f5b-9c31-a7539f8e57f9,user21@bank,2025-04-21T07:40:30.004638,3582.43,Delhi,legit
a5003000-45d1-423e-b0b8-f126c6e492b3,user46@bank,2025-04-19T11:21:30.004638,3399.06,Mumbai,legit
4064a834-b192-45c5-b307-5c32377de3ba,user95@bank,2025-04-16T01:59:30.004638,75.98,Mumbai,legit
75ed7267-eab4-4451-8059-77bddf50ace3,user40@bank,2025-04-19T03:25:30.004638,2970.67,Delhi,legit
31c598bf-fffd-4056-9aa7-81a4ea5ca56d,user72@bank,2025-04-19T02:36:30.004638,1654.08,Mumbai,legit
e1d94fd7-ffbf-4ec8-9dab-0e5bfcda8d32,user47@bank,2025-04-14T15:54:30.004638,3733.17,Mumbai,legit
e4b78c5e-a574-4e16-af5e-b98d39dab630,user63@bank,2025-04-15T22:26:30.004638,554.23,Delhi,legit
f47ce875-ebfc-4af4-b7e2-b89f8a2abf18,user93@bank,2025-04-20T16:59:30.004638,1086.74,Mumbai,legit
0b93bc46-caa3-4b13-9ba1-eb74c916901f,user52@bank,2025-04-16T19:04:30.004638,1290.83,Chennai,legit
e4335c9b-6ad5-46f7-ac61-199d5f3b02c5,user34@bank,2025-04-15T01:42:30.004638,1540.1,Delhi,legit
f4eb87e0-db8c-42f7-b6e2-e450d968e232,user43@bank,2025-04-15T12:27:30.004638,2124.21,Chennai,legit
e7cf400c-99b7-4065-aa0b-ac1f7ec7511f,user22@bank,2025-04-16T08:18:30.004638,2166.86,Chennai,fraud
e1f47bae-df5e-46ac-88ce-85157e2eea7b,user63@bank,2025-04-19T06:37:30.005776,4931.67,Chennai,legit
5daadd7a-5fd8-43ee-920d-89c35f2ab076,user88@bank,2025-04-19T18:51:30.005776,256.7,Mumbai,legit
367bf776-e174-4fbe-a303-7c1a31856768,user77@bank,2025-04-17T06:28:30.005776,1651.75,Mumbai,legit
f61d3fa1-9320-457f-a133-9c4d7d06e671,user44@bank,2025-04-19T09:26:30.005776,3048.75,Mumbai,legit
2dcf9a72-7388-423c-b0e6-f9e9263da3fe,user46@bank,2025-04-19T23:44:30.005776,460.83,Chennai,legit
2156da08-2457-48a8-998f-884b491431fe,user27@bank,2025-04-16T13:19:30.005776,3619.92,Mumbai,fraud
602c3145-1e09-4cd2-92bc-4178ced1b1a8,user87@bank,2025-04-20T22:45:30.005776,2613.17,Mumbai,legit
149f288a-b156-4372-88ac-1745e1e04b3d,user93@bank,2025-04-18T11:49:30.005776,4851.78,Chennai,legit
6b0831c1-227d-4a34-8cc4-69a23d9712cd,user56@bank,2025-04-17T15:30:30.005776,3216.99,Delhi,legit
3bfbafae-0767-4d38-b0c9-73ed7e831d66,user81@bank,2025-04-17T22:45:30.005776,3102.67,Mumbai,legit
062b5c9e-7cc9-4015-93f0-06df6bd4b737,user7@bank,2025-04-14T23:23:30.005776,571.69,Chennai,legit
7cc15601-7da1-4841-a290-c41df4d030cb,user19@bank,2025-04-16T02:51:30.005776,1674.01,Mumbai,legit
819c1c0a-2264-4b05-bfc2-3d2199e33e7a,user55@bank,2025-04-15T23:21:30.005776,541.48,Delhi,legit
930d06de-e503-44a8-8e9f-c1d9941e832b,user58@bank,2025-04-17T04:56:30.005776,777.51,Mumbai,legit
434fb149-b9cf-4089-a091-9b0455f3054a,user87@bank,2025-04-15T03:56:30.005776,3180.49,Delhi,legit
f9efd273-7d4c-458f-84f6-2e7559aae3ea,user22@bank,2025-04-15T13:52:30.005776,2808.64,Mumbai,legit
da74e7cf-9112-4d16-a356-904f5bb04333,user13@bank,2025-04-16T23:08:30.005776,1433.79,Mumbai,legit
9c777b9d-9292-4fac-914f-65ae6ff82710,user21@bank,2025-04-19T04:36:30.005776,1855.32,Delhi,legit
6c360c8a-a8bb-4728-bfc9-57c368965551,user41@bank,2025-04-21T02:11:30.005776,4832.68,Chennai,legit
3cc23a7c-426f-4873-ac29-68010c2153d9,user77@bank,2025-04-19T16:21:30.005776,311.65,Mumbai,legit
1c6a7ac0-7322-4f60-b017-fc3e49c1b279,user10@bank,2025-04-16T06:46:30.005776,4503.6,Delhi,legit
3a8bfa7d-be86-4ee8-9b99-4382d8ee7181,user50@bank,2025-04-21T11:03:30.005776,4451.41,Mumbai,legit
d369f3ca-6010-4d76-8531-322e3f5e8534,user72@bank,2025-04-18T21:49:30.006773,3528.67,Delhi,legit
4883552b-0a27-4dcf-8413-255976d237d3,user9@bank,2025-04-15T22:28:30.006773,2285.76,Mumbai,legit
1b0ad140-cb49-4656-af47-460d724ba896,user34@bank,2025-04-20T13:11:30.006773,1909.37,Chennai,legit
c82c1fce-96e0-4c4b-a9f5-c5ed102c1030,user86@bank,2025-04-18T14:22:30.006773,386.33,Mumbai,legit
32a03c95-96bd-41c6-96d9-d082ec67467e,user46@bank,2025-04-16T19:24:30.006773,3362.98,Chennai,fraud
db8d666a-07db-423c-8919-3b328b7902fc,user37@bank,2025-04-19T18:02:30.006773,1300.35,Delhi,legit
7dd346ef-d2da-4b1d-a582-402aaeee5da4,user93@bank,2025-04-14T20:52:30.006773,3533.19,Chennai,legit
68b60665-0c9a-47af-872c-ceb42ece01c8,user78@bank,2025-04-15T07:08:30.006773,2145.31,Mumbai,legit
5a2f14fb-d7ec-43f4-8518-189797a6b3b7,user72@bank,2025-04-21T03:36:30.006773,4671.03,Delhi,legit
9e513379-2eb7-4643-b75d-a0392fba034a,user5@bank,2025-04-19T19:00:30.006773,2116.72,Chennai,legit
67be0097-a084-4fa6-88db-8ce9c50623cc,user55@bank,2025-04-20T11:03:30.006773,4234.31,Delhi,fraud
8ac1a77b-a52f-4b59-b077-5a9221d65b1a,user79@bank,2025-04-21T08:40:30.006773,514.89,Delhi,legit
cdafa250-c868-44f8-b54b-c53ac575773d,user42@bank,2025-04-15T10:52:30.006773,2086.66,Mumbai,legit
450283a7-5384-41a2-bc81-f4e609c247b0,user65@bank,2025-04-15T00:30:30.006773,1903.02,Delhi,legit
d8d0fe07-e84d-4a0b-8b55-fb838e1bded5,user41@bank,2025-04-19T01:16:30.006773,4215.38,Delhi,legit
3f98ec1b-d9c2-43f5-aca1-b7d5a076ecd6,user19@bank,2025-04-16T14:24:30.006773,4557.07,Chennai,legit
ea47b87a-930e-42e6-bf50-498c1330bc42,user10@bank,2025-04-16T17:21:30.006773,116.53,Delhi,legit
5917f591-3bd0-4c0f-9a0e-325b2c61bc0c,user43@bank,2025-04-18T19:19:30.006773,1485.28,Mumbai,legit
957d2695-94b9-4fed-86bb-5ad1b945d72d,user64@bank,2025-04-17T16:36:30.006773,927.62,Mumbai,legit
a18961f9-b91b-46c4-aef6-96d630dc9a41,user55@bank,2025-04-14T15:45:30.006773,3630.37,Delhi,legit
eac5863f-eaef-4908-b6ee-340afa4b1c63,user34@bank,2025-04-15T03:17:30.006773,862.6,Delhi,legit
df4c575a-fc03-4f91-8945-eaa5c69ba366,user78@bank,2025-04-17T15:17:30.006773,3699.07,Chennai,legit
68e4717f-cf65-4aff-9f98-c8c721ed698f,user24@bank,2025-04-21T00:44:30.006773,2712.77,Delhi,legit
0955d264-feca-40dc-952a-43eba2932490,user44@bank,2025-04-15T15:49:30.006773,4013.0,Delhi,legit
4bb965b2-9158-4b68-9e18-3276c4ee4af1,user35@bank,2025-04-17T09:48:30.006773,2986.42,Delhi,legit
850a87f3-b099-4ee6-afd1-6cc704376ceb,user51@bank,2025-04-15T20:05:30.006773,4891.89,Delhi,legit
d912c943-27ce-407d-9997-0a83b6e4d3c7,user60@bank,2025-04-15T22:58:30.006773,1391.61,Chennai,legit
9034b14a-a3e0-4605-828d-207eada0e3af,user93@bank,2025-04-21T01:12:30.006773,3251.97,Delhi,legit
729c7cfe-2417-4bd1-a3fe-41af0f2eee4d,user8@bank,2025-04-15T23:19:30.006773,1922.6,Delhi,legit
3e2031e8-0256-4f92-b621-8f26238e8f71,user8@bank,2025-04-15T11:05:30.006773,1669.13,Mumbai,legit
9dda693d-0eb3-4500-944c-fc495ad8df19,user27@bank,2025-04-18T12:36:30.007771,805.1,Mumbai,legit
08066b62-2e26-4d40-b894-9bb4193e1bc8,user59@bank,2025-04-15T21:13:30.007771,529.04,Delhi,legit
c6b53fab-10ef-43de-9543-b95acfafecae,user54@bank,2025-04-21T01:02:30.007771,4132.43,Chennai,legit
fe13cb3f-9e05-4340-8d07-85cda0c25afb,user55@bank,2025-04-14T18:55:30.007771,1089.42,Mumbai,legit
d774fda2-8ddf-42d9-9fe4-b5c98dca1815,user6@bank,2025-04-16T06:38:30.007771,3133.63,Chennai,legit
581f6f61-7446-4744-ac04-36c3f6f59803,user5@bank,2025-04-14T16:26:30.007771,1466.51,Chennai,legit
cf1014b3-1523-4520-b04c-fa928dc238b2,user20@bank,2025-04-19T15:33:30.007771,1080.28,Chennai,legit
88aa7111-3472-4be0-88c0-a3e1528f5db4,user73@bank,2025-04-18T06:47:30.007771,2355.91,Chennai,legit
9381e4ff-32dd-4398-b46e-922aa3496a7e,user12@bank,2025-04-20T23:03:30.007771,527.61,Chennai,legit
133df53b-a505-41af-ad80-e3dc59d701c9,user67@bank,2025-04-18T06:28:30.007771,3912.4,Chennai,legit
8853f1dd-3a7d-4ef1-8e8f-d75f38b92c8a,user90@bank,2025-04-17T03:10:30.007771,2075.14,Delhi,legit
57584e1e-241b-49b7-8c4c-84b171d9fae8,user31@bank,2025-04-21T02:15:30.007771,3317.11,Delhi,legit
fc34c57a-1f85-4582-8489-b47b9aa34444,user80@bank,2025-04-16T09:12:30.007771,667.89,Chennai,legit
1b836d16-c5e4-4532-84cd-ce8a17aa96d9,user57@bank,2025-04-16T18:49:30.007771,2722.29,Chennai,legit
969469e0-09c0-4f58-bb63-0528d4d88663,user39@bank,2025-04-16T09:00:30.007771,3889.14,Delhi,legit
9da20f6e-adc3-4012-bf2d-96ca301e163b,user77@bank,2025-04-20T23:53:30.007771,3338.17,Chennai,legit
f68d9179-30a9-43b2-8676-289bc9375d27,user36@bank,2025-04-21T06:46:30.007771,1781.28,Mumbai,legit
67209e8b-32ab-4138-b974-0977f62fe8e9,user69@bank,2025-04-17T02:46:30.007771,4334.7,Mumbai,legit
e6cbb89e-3cbc-4ba1-a844-4ce6456af4d5,user48@bank,2025-04-15T17:58:30.007771,1388.88,Chennai,legit
0581a895-626c-4c7f-b6c3-785e285b317f,user2@bank,2025-04-16T22:43:30.007771,2467.04,Chennai,legit
d89b443a-94dd-401f-b9d6-8e0e59cae480,user27@bank,2025-04-18T01:17:30.007771,1322.38,Chennai,legit
44cd901a-d5c5-46b5-bc78-5e37c8146d14,user34@bank,2025-04-18T02:37:30.007771,1797.26,Mumbai,legit
5181aed1-7840-4d97-af0d-ba32b15dc026,user41@bank,2025-04-20T08:03:30.007771,1419.44,Mumbai,legit
7f80779b-7750-4d67-bd29-19d7e0e84219,user21@bank,2025-04-18T13:38:30.007771,1373.82,Mumbai,legit
0deb5318-77c9-451d-890c-384a9fe12020,user4@bank,2025-04-14T19:12:30.007771,2156.95,Delhi,legit
486abc19-6411-4381-887b-db5c0b0ab5ce,user41@bank,2025-04-19T19:33:30.007771,1748.19,Chennai,legit
2bde548f-1467-413b-8987-798199f0a0d2,user7@bank,2025-04-21T01:09:30.007771,4177.67,Chennai,legit
55a635a8-f847-4451-a92a-f491e3fabe7c,user12@bank,2025-04-21T03:11:30.007771,3103.7,Chennai,legit
c7cbc704-a24f-4775-be94-d90a7c07fb2c,user66@bank,2025-04-19T22:48:30.007771,4238.75,Chennai,legit
f9acb140-1dcb-4f2a-91c0-ab52ca2980f4,user14@bank,2025-04-18T05:53:30.007771,2749.22,Mumbai,legit
a94c4afa-2478-4279-9ea7-3eeed837e754,user66@bank,2025-04-20T01:50:30.008768,1106.85,Mumbai,legit
285efe93-0e81-4952-aac5-69d762a4ee03,user78@bank,2025-04-15T01:10:30.008768,4795.05,Chennai,legit
2079c77f-19b1-4f43-bed1-f9afeead2a55,user19@bank,2025-04-20T13:20:30.008768,2628.07,Delhi,legit
aac717dc-d15b-4b2a-9c54-21588231fc42,user97@bank,2025-04-19T15:18:30.008768,1396.36,Chennai,legit
19666988-35c0-4e3b-a74d-e624ceeb2df2,user98@bank,2025-04-17T08:44:30.008768,4960.08,Delhi,legit
38b6f86f-ccaf-4c4d-9d57-1e4815fb034d,user79@bank,2025-04-19T14:33:30.008768,4125.78,Chennai,legit
c7830207-62f1-41c2-8694-af2aba623343,user98@bank,2025-04-18T13:30:30.008768,1505.34,Delhi,legit
a1774cfc-189d-4871-8eb7-30152e5b4c0a,user84@bank,2025-04-14T23:02:30.008768,2578.85,Chennai,legit
5dc6dde6-9fc0-4b08-9535-8a7d7977012b,user1@bank,2025-04-17T16:48:30.008768,4180.59,Chennai,legit
cf1e3e26-3820-499b-afc3-c21e1940d3e0,user28@bank,2025-04-19T18:28:30.008768,2323.33,Delhi,legit
3f5e36c7-c963-4039-9d39-4c768d26c92e,user99@bank,2025-04-19T17:18:30.008768,723.0,Delhi,legit
faf4f981-3c13-482b-8440-112eb7d04e89,user76@bank,2025-04-21T01:59:30.008768,1637.4,Mumbai,legit
21ca3622-2ba6-4518-9c92-4757ffab15e0,user34@bank,2025-04-17T04:59:30.008768,2177.04,Chennai,legit
33c03299-0f5c-4522-9605-6cfff8a03823,user80@bank,2025-04-17T20:23:30.008768,3659.15,Chennai,legit
092a03ce-ebc6-4e09-9c49-fc4595e3c4fe,user58@bank,2025-04-20T19:56:30.008768,3199.95,Chennai,legit
06146fba-6c20-4b9e-a1a0-6e3cdf6e06b2,user86@bank,2025-04-19T11:06:30.008768,1803.66,Delhi,legit
eded7f1e-31c4-4a0c-a942-2fcae2e8eefc,user31@bank,2025-04-15T06:55:30.008768,1050.66,Chennai,fraud
5e2eadcd-52a7-431e-bb1c-eece8398f1fb,user98@bank,2025-04-15T19:23:30.008768,225.03,Mumbai,legit
1564c924-a1cf-411a-a7df-d42edfdddd42,user61@bank,2025-04-16T23:24:30.008768,3157.13,Chennai,legit
2149dfeb-05f4-44e9-a1d2-644469163e89,user49@bank,2025-04-15T13:48:30.008768,4975.59,Chennai,legit
7d0f6561-f51f-4e48-b5bb-33a0acfe902f,user58@bank,2025-04-17T20:57:30.008768,2004.96,Chennai,legit
48028c0b-cd0b-4ba2-8b92-7681340db1d3,user9@bank,2025-04-15T08:40:30.008768,4743.84,Delhi,legit
a0231373-98ee-45bf-a850-64351539f98a,user91@bank,2025-04-18T15:25:30.008768,1128.73,Mumbai,legit
6fcd2f93-d8ee-44a3-b5bd-3b93df38368c,user45@bank,2025-04-16T06:25:30.008768,453.22,Delhi,legit
8b1e0081-cf36-49e3-a492-b762a3905b60,user34@bank,2025-04-15T11:35:30.008768,3564.24,Mumbai,legit
45a0f9f2-8037-438c-bdb8-7ec50027cef5,user57@bank,2025-04-16T17:04:30.008768,1629.37,Mumbai,legit
0877cbde-d988-430e-b7df-cb1e06b71b78,user37@bank,2025-04-18T14:23:30.008768,713.61,Delhi,legit
67fd9186-2425-4ad0-9174-a0f62819e292,user19@bank,2025-04-17T11:13:30.008768,4637.24,Mumbai,legit
445a8e17-c5de-48a6-b332-1e70eb0eea16,user59@bank,2025-04-16T22:10:30.008768,1981.57,Delhi,legit
62a11cde-3beb-4c4e-be91-d12a9d11cf5b,user95@bank,2025-04-18T19:09:30.008768,3731.76,Delhi,legit
b206ea36-2e31-4616-9d60-8904c454e18a,user40@bank,2025-04-18T10:08:30.008768,4078.23,Mumbai,legit
dd918f11-9bf5-42d2-8a60-3554a18ffa40,user46@bank,2025-04-18T13:03:30.008768,4662.83,Mumbai,legit
48e7d07e-6c27-4050-8f37-d4c43371a167,user92@bank,2025-04-14T15:57:30.008768,1275.08,Mumbai,legit
590727c9-0d17-4e94-9db6-6205641686b6,user14@bank,2025-04-15T04:00:30.008768,2526.68,Chennai,legit
8c604067-4ff7-46ed-96f5-5edf4f8591ab,user34@bank,2025-04-16T19:01:30.008768,3090.89,Chennai,legit
6e400160-143f-4e86-bdbb-60b335a579f2,user6@bank,2025-04-14T21:37:30.008768,2592.75,Delhi,legit
1f3a6370-f4ae-4e4e-b3a1-965b07b6c52a,user80@bank,2025-04-20T00:34:30.008768,533.52,Chennai,legit
3dbb7cb5-7a0c-47db-9742-da05dece8bcd,user5@bank,2025-04-18T14:52:30.008768,111.28,Chennai,legit
5e74a286-6e4a-4087-9e52-a75eac83d9fe,user90@bank,2025-04-19T04:19:30.008768,3747.13,Chennai,legit
e9bf6608-cb38-42ec-a161-68183db09d83,user63@bank,2025-04-19T01:23:30.008768,1731.84,Delhi,fraud
7f0a4607-88b2-473e-a7d2-a6c0054e25b6,user46@bank,2025-04-21T02:17:30.010276,2742.79,Chennai,legit
eb259196-7d35-4971-8b43-1d39b40bf718,user79@bank,2025-04-21T01:40:30.010276,4253.51,Mumbai,legit
e38a73de-7379-4007-830c-f89ce8a0f28e,user66@bank,2025-04-15T14:26:30.010276,386.71,Chennai,legit
d72a554b-a21a-4498-b72f-38ad204006c3,user32@bank,2025-04-19T13:57:30.010276,1515.33,Delhi,legit
39300695-d7ed-4dcc-8640-35271897a032,user94@bank,2025-04-20T14:54:30.010276,1759.67,Mumbai,legit
39938537-7775-40d6-ba54-d34e7e97035f,user44@bank,2025-04-17T07:12:30.010276,381.77,Delhi,legit
eda5029e-7a61-4b72-94f4-b2c2cddafad1,user38@bank,2025-04-16T05:18:30.010276,4407.84,Mumbai,fraud
1058fdc1-3768-4acc-9f92-dae99386998c,user93@bank,2025-04-17T17:48:30.010276,1897.59,Delhi,legit
2a6f226c-7495-4104-965d-1dc66e9bef34,user1@bank,2025-04-18T18:38:30.010276,3126.05,Chennai,legit
6ac9ac38-74b7-46a5-b70e-d1043502216d,user70@bank,2025-04-17T20:23:30.010276,3234.45,Mumbai,legit
10d38c5c-3947-46f3-a052-03d8cf007b39,user46@bank,2025-04-19T10:47:30.010276,2799.22,Delhi,legit
9f7e816a-2a42-4347-bfe0-ae47bd44bb6f,user4@bank,2025-04-15T11:12:30.010276,875.72,Chennai,legit
7c75dd4a-7cad-486c-8a51-80ac2b65f50e,user45@bank,2025-04-17T14:24:30.010276,4237.68,Delhi,legit
1e29da50-edbe-4959-a74a-9046ed96a629,user29@bank,2025-04-19T12:10:30.010276,862.58,Delhi,legit
33dcbb03-88b5-4229-9eee-565f5c65779f,user77@bank,2025-04-18T10:14:30.010276,618.29,Mumbai,legit
48941d09-0071-4ea3-8f76-bfb4cfc8fdd3,user100@bank,2025-04-20T03:18:30.010276,4833.04,Chennai,legit
c82c5468-9ff3-4018-b0ae-665f8de87896,user74@bank,2025-04-15T17:12:30.010276,1167.98,Delhi,fraud
9bf54920-0b59-44bb-8a7d-186e043bf91a,user8@bank,2025-04-21T01:10:30.010276,2310.14,Delhi,legit
d47d0283-05b1-4979-be22-43cef44d844e,user59@bank,2025-04-20T15:32:30.010276,2882.62,Delhi,legit
537b903f-9917-474a-bf9e-fffc8b5a4bc0,user76@bank,2025-04-17T03:47:30.010276,4631.88,Mumbai,legit
8c6652a0-fa1a-4873-a21b-4caff7812b97,user23@bank,2025-04-16T02:36:30.010276,2063.23,Delhi,legit
1128489b-cb98-43c5-b428-89248caf7406,user55@bank,2025-04-15T17:58:30.010276,42.28,Delhi,legit
f1e5b77b-4975-41fb-a30f-77bd4da74b1b,user37@bank,2025-04-16T12:38:30.010276,2468.39,Mumbai,legit
1c8625a8-1c03-4413-bc10-e704bc6909ab,user87@bank,2025-04-17T18:01:30.010276,232.3,Chennai,legit
1a169255-6e3b-4d2c-9a77-d13d12705978,user17@bank,2025-04-19T00:15:30.010276,2072.4,Chennai,legit
e2e7149b-3566-4847-ae50-f1dc27b28adb,user69@bank,2025-04-19T18:39:30.010276,1487.38,Chennai,legit
c9ba069f-215e-4eaf-b3a6-3e72d5782071,user64@bank,2025-04-15T00:17:30.010276,3612.84,Chennai,legit
4ca64339-70be-414b-be7f-dfe7b7794eb4,user28@bank,2025-04-16T10:39:30.010276,265.55,Delhi,legit
754e3892-a47f-4471-8cb1-0b39698fc80e,user21@bank,2025-04-20T21:00:30.010276,194.96,Chennai,legit
65861469-b643-4cb8-ae1d-fdcf1c0beba8,user49@bank,2025-04-15T20:29:30.010276,35.75,Mumbai,legit
3322e831-caff-43ca-b90e-2916df78d88d,user76@bank,2025-04-17T02:46:30.010276,1278.36,Chennai,legit
8d7cc0c8-6f6c-4ee5-99d7-2f2d37bc3d14,user75@bank,2025-04-20T21:45:30.010276,662.44,Mumbai,legit
36d5bce7-ed78-411f-ae69-9361a0e05c74,user59@bank,2025-04-16T11:41:30.011278,443.72,Mumbai,legit
881f8c65-4699-4c5e-af85-aef05993b31f,user10@bank,2025-04-21T09:18:30.011278,2982.15,Mumbai,legit
9df246fc-6b47-4d46-9e77-162caf10f2d1,user68@bank,2025-04-19T08:04:30.011278,2635.2,Mumbai,legit
3382c53b-edb6-4fa9-982f-2e4dab8bfe14,user95@bank,2025-04-21T12:22:30.011278,4225.84,Mumbai,legit
e1fa1e4c-ff4d-48d1-9050-ffcf77c96b72,user82@bank,2025-04-15T13:28:30.011278,4817.15,Chennai,legit
884abc8f-74cd-4e46-b099-098c8b36bbbd,user25@bank,2025-04-16T09:29:30.011278,3108.49,Mumbai,legit
bd74bb0e-b0fd-4195-b791-179885f80257,user95@bank,2025-04-20T14:46:30.011278,3682.04,Chennai,legit
12071956-327e-459d-ab66-f50a57fee802,user93@bank,2025-04-21T03:22:30.011278,4768.32,Delhi,legit
2697e219-60da-435f-97cb-af1d751acbec,user58@bank,2025-04-17T09:35:30.011278,3281.47,Mumbai,legit
55ee7a53-e70a-487d-bf07-50a278f009bd,user25@bank,2025-04-14T23:19:30.011278,2140.07,Delhi,legit
13b575a0-ed31-4500-85e9-3b604a8634f9,user68@bank,2025-04-19T06:53:30.011278,2759.83,Mumbai,legit
53a0c155-21cc-4dd0-a866-c9d4bdad0e05,user99@bank,2025-04-16T06:39:30.011278,1030.28,Mumbai,legit
fba46763-6236-460b-872c-39cdb9703163,user92@bank,2025-04-21T04:18:30.011278,3446.37,Mumbai,legit
e96b5e47-873d-43a6-99d5-77e59febe0cc,user13@bank,2025-04-20T22:00:30.011278,3604.32,Delhi,legit
9370c676-35e8-46e1-ae09-ccad47b53058,user7@bank,2025-04-19T16:18:30.011278,171.49,Mumbai,legit
44b0ee8c-9c5d-4000-8786-dd90681535b4,user1@bank,2025-04-20T21:02:30.011785,3580.81,Mumbai,legit
15139342-652c-4155-a72e-90b63cc4667f,user64@bank,2025-04-19T14:50:30.011785,1411.38,Delhi,fraud
ad0b8590-ad97-421e-80f9-6c3a70a073dc,user84@bank,2025-04-18T21:58:30.011785,2856.09,Chennai,legit
69de31ee-2ab2-4855-a370-98baad0b5262,user52@bank,2025-04-17T22:25:30.011785,1976.23,Delhi,legit
5685372c-3497-4634-80b7-0a9790a454d5,user1@bank,2025-04-17T02:11:30.011785,2653.48,Delhi,legit
9b6aeb0c-2b56-4045-8730-d9e29b9370ed,user86@bank,2025-04-21T03:54:30.011785,150.75,Chennai,legit
027a8059-f64b-48e1-a571-8bb7a8b50953,user73@bank,2025-04-16T03:48:30.011785,1408.55,Mumbai,legit
01c3dd36-27d1-4e9f-adc0-faa50f223ecb,user50@bank,2025-04-21T05:20:30.011785,3078.16,Mumbai,legit
bc290fe1-c8fa-4089-b996-3c2daed56255,user51@bank,2025-04-21T09:57:30.011785,28.5,Delhi,legit
8764aa31-1e4b-493f-b235-0350ae90a307,user6@bank,2025-04-20T00:02:30.011785,3749.95,Delhi,legit
b8b1ff5c-e205-4df0-bda7-7f41137abd6c,user62@bank,2025-04-17T22:29:30.011785,1987.82,Chennai,legit
eb69c540-a434-4a67-8b55-ec8c82267dc5,user82@bank,2025-04-18T12:28:30.011785,2396.83,Delhi,legit
f9ae78e2-2ed5-400f-977b-0abe776eea41,user96@bank,2025-04-17T07:17:30.011785,3958.4,Mumbai,legit
94a361fe-149f-4e44-afc6-c8cf90eb0c97,user27@bank,2025-04-20T02:42:30.011785,187.42,Chennai,fraud
0f6027b3-519c-429a-9393-497a9e43733e,user6@bank,2025-04-15T05:20:30.011785,3072.79,Delhi,legit
044e06fb-c685-4d77-8efb-d64e13a416df,user76@bank,2025-04-16T06:54:30.012351,400.91,Chennai,legit
88bfa9cb-53ca-46b8-82f6-8ef170126846,user100@bank,2025-04-15T16:12:30.012351,1502.04,Delhi,legit
670019f1-708a-4236-8f77-162e65f9b6b1,user77@bank,2025-04-15T18:55:30.012351,1835.49,Chennai,legit
34620811-20e1-483c-a78f-d294fc442535,user33@bank,2025-04-16T21:13:30.012351,4063.97,Delhi,legit
64fe01ba-a14c-469e-bc4f-832c12f671a0,user51@bank,2025-04-16T22:48:30.012351,1324.03,Chennai,legit
03549900-62ff-4b03-87ba-e86afdb4b1e9,user82@bank,2025-04-17T02:04:30.012351,2912.26,Mumbai,legit
a91c4dfb-c07a-42b1-9135-8d7c6f1017a3,user9@bank,2025-04-20T17:01:30.012351,4423.53,Delhi,legit
eb0fefe7-cbe5-474a-a006-8d9333ae3ed2,user83@bank,2025-04-17T11:13:30.012351,507.39,Mumbai,legit
f5daaa7a-452d-42ec-9735-715070fedba4,user35@bank,2025-04-17T06:13:30.012351,2485.77,Mumbai,legit
08b85358-f207-4440-a08b-b8530ebb5662,user78@bank,2025-04-18T00:19:30.012351,394.12,Mumbai,legit
236e80dd-3e79-45d4-b3f2-91509402c5d2,user91@bank,2025-04-16T18:33:30.012786,3501.21,Delhi,legit
b5a68ed4-db5e-471f-bc7e-22d919f665f5,user1@bank,2025-04-19T04:35:30.012786,925.15,Mumbai,legit
c7d2e8ee-9f38-4c76-acd1-4771eb679a6a,user76@bank,2025-04-19T23:00:30.012786,526.3,Delhi,legit
2455572c-3274-4c3e-86c7-e28db275474c,user37@bank,2025-04-14T17:25:30.012786,1556.03,Delhi,legit
242c12db-f090-4c56-88ef-6dcd090c9fad,user80@bank,2025-04-17T22:31:30.012786,2038.66,Chennai,legit
35012ebb-84f0-4229-be8d-fbf956cbfa7d,user100@bank,2025-04-17T07:41:30.012786,2714.69,Chennai,fraud
4b7472da-5317-4f65-8455-4afe1737e522,user83@bank,2025-04-18T09:32:30.012786,4595.41,Chennai,legit
a063a379-fa3c-46f9-90e3-f8c319fad666,user28@bank,2025-04-17T19:32:30.012786,4793.77,Mumbai,legit
e041b6b6-388f-422d-bb03-2ac820a7805c,user47@bank,2025-04-16T11:16:30.012786,1475.46,Mumbai,legit
39e30e1f-7918-443e-aeb8-c52def1109e2,user26@bank,2025-04-15T03:13:30.012786,1142.87,Chennai,legit
bf3e0b7c-934e-4008-a006-61c8308edc45,user71@bank,2025-04-18T16:06:30.012786,3428.47,Delhi,legit
3eed1173-f251-43f3-875b-73b8b13e6622,user59@bank,2025-04-20T05:33:30.012786,2732.44,Delhi,legit
ce8051ff-f9c5-436f-bfc0-90cde5cb78c4,user47@bank,2025-04-18T20:30:30.012786,2509.24,Chennai,legit
ae02ecb2-c416-4b05-ad58-ee82c1bcb0fd,user87@bank,2025-04-17T00:15:30.012786,3878.84,Chennai,legit
8594c0da-523f-404f-a2ac-f5ccd3415771,user79@bank,2025-04-15T17:34:30.012786,4900.56,Chennai,legit
3f8201e6-6f94-499f-be65-9366ccab9bec,user2@bank,2025-04-17T14:23:30.012786,1983.17,Chennai,legit
fcab10ef-e2cf-499c-825a-189df1a9a5d9,user39@bank,2025-04-19T03:49:30.012786,2408.92,Mumbai,legit
780fe83f-4606-4409-bdfb-273528a8f7d3,user1@bank,2025-04-20T17:27:30.012786,1875.56,Delhi,legit
6e078e42-a452-48e2-a20f-b04ec8d532f5,user13@bank,2025-04-16T03:04:30.012786,3450.25,Chennai,legit
aea653ae-5f79-4858-956c-ddb8856db804,user44@bank,2025-04-21T09:31:30.012786,4506.81,Delhi,legit
a13e5550-7576-40f5-884d-3a0b848c026d,user82@bank,2025-04-15T14:41:30.012786,4454.87,Chennai,legit
2287875b-607f-48d9-b77a-07e740e121bb,user41@bank,2025-04-17T03:40:30.012786,3183.8,Mumbai,legit
903ca00f-c241-4973-b07e-f3b4bcd5f71f,user72@bank,2025-04-14T22:42:30.012786,464.71,Chennai,legit
fef479bd-29ce-4581-8245-494adcf64e79,user51@bank,2025-04-20T11:42:30.012786,4729.29,Chennai,legit
63da739b-a5fb-4943-b753-945ddab4323c,user69@bank,2025-04-19T13:51:30.012786,2351.46,Mumbai,legit
3640eb81-6c9e-4902-9254-0be3a85add5d,user21@bank,2025-04-20T18:42:30.012786,3490.14,Delhi,legit
6f92f16b-314f-4246-b3fa-e4d91eed9447,user89@bank,2025-04-14T18:31:30.012786,4754.93,Mumbai,legit
864585f3-68ab-4489-b16a-629a7325db48,user54@bank,2025-04-17T23:07:30.013783,2612.77,Mumbai,legit
57b76121-d0ec-4e1a-907a-13fb25a76eb5,user57@bank,2025-04-17T15:09:30.013783,3538.15,Chennai,legit
bd16564b-32fe-4ffb-a49f-d339fd0aab69,user87@bank,2025-04-21T11:02:30.013783,1900.34,Delhi,legit
6c38f929-6739-441e-aedc-2d0e64be21f9,user89@bank,2025-04-18T00:56:30.013783,3761.89,Chennai,legit
3617e353-47f0-4865-a952-cd3d3eb26473,user36@bank,2025-04-15T20:20:30.013783,3823.75,Delhi,legit
88161b50-04a7-44c1-a4da-23c1fe3c2069,user74@bank,2025-04-17T16:17:30.013783,1378.95,Delhi,legit
fd1f30de-f815-4dad-a02d-f1fc0cb67c6d,user15@bank,2025-04-16T03:21:30.013783,1267.87,Mumbai,legit
9e9b1294-5882-4461-9de4-9ba41f0a3709,user78@bank,2025-04-19T20:00:30.013783,3122.26,Delhi,legit
bd83cebd-7ada-4330-9d74-0ceaa23e70f9,user84@bank,2025-04-18T04:05:30.013783,2494.16,Chennai,legit
cf54b342-32c6-4656-9564-34d411629c24,user8@bank,2025-04-14T15:34:30.013783,196.57,Delhi,legit
946ffd14-00b2-4136-adb3-88af50386490,user27@bank,2025-04-20T15:23:30.013783,795.16,Delhi,legit
50458b66-017a-44e1-a016-b938fdbc6b25,user28@bank,2025-04-17T06:10:30.013783,4929.13,Delhi,legit
cd7cbc29-3e5d-4a6f-b935-ce8908f666a1,user71@bank,2025-04-19T14:49:30.013783,641.28,Delhi,legit
0396acbb-b561-4fe3-bb3a-a025da63b63e,user83@bank,2025-04-19T20:59:30.013783,3949.22,Delhi,legit
96075835-f59d-452b-8154-60a107e081a9,user32@bank,2025-04-16T21:53:30.013783,2829.0,Mumbai,legit
f503c151-8b94-4656-978d-5ea882292b50,user61@bank,2025-04-21T12:40:30.013783,4961.73,Mumbai,legit
27df91c8-2055-45b2-8c03-7ac5a78b2922,user14@bank,2025-04-18T12:41:30.013783,3921.28,Mumbai,legit
c66a22c3-646a-4b18-a277-1fbdf6a0f023,user75@bank,2025-04-17T22:27:30.013783,4581.84,Delhi,legit
ed64ebcf-5926-4d9f-b5ca-f1ba7e2f3544,user19@bank,2025-04-15T01:33:30.013783,3377.68,Mumbai,legit
badf4801-a4ca-4be7-a6b5-243ae34bd260,user7@bank,2025-04-18T09:29:30.013783,467.07,Delhi,legit
cedd31f6-9dc1-47a2-98ab-9ca73dd261ec,user7@bank,2025-04-15T05:38:30.013783,2158.31,Mumbai,legit
4bfd0d1f-5bbf-4bac-8117-95f2bf9e4229,user32@bank,2025-04-20T04:47:30.013783,3172.4,Mumbai,fraud
c0fd13c3-a0ee-4496-ba6f-fb5d465c68f7,user33@bank,2025-04-15T18:27:30.013783,3762.36,Chennai,legit
2982efd5-7916-41c9-bd1f-ec25e2987181,user68@bank,2025-04-20T10:36:30.013783,1068.02,Chennai,legit
a410d967-38e2-4e39-a960-648f7e21a56a,user12@bank,2025-04-17T20:36:30.013783,4031.81,Delhi,legit
d34e52aa-6e1c-4c55-8605-be72c290dc6a,user25@bank,2025-04-15T11:33:30.013783,4772.77,Chennai,legit
b0073b5c-b224-4edb-8f2b-8bbddb6fd96d,user20@bank,2025-04-15T16:20:30.013783,774.26,Chennai,legit
467ddfbc-23f2-4995-a23e-7dc4e8c710dd,user1@bank,2025-04-17T19:17:30.013783,3493.92,Chennai,legit
1475bcfc-8fbc-4486-8524-95755ad727ae,user99@bank,2025-04-14T20:24:30.014780,4832.39,Mumbai,legit
1dbf3fb8-0691-4f0c-afb9-6234e9e27ea0,user70@bank,2025-04-17T18:37:30.014780,3173.75,Delhi,legit
f4aa9228-1564-4fb6-bd4b-cdc0bc0906d5,user13@bank,2025-04-15T20:15:30.014780,3354.22,Mumbai,legit
42ee0180-bbe0-434a-ad2a-6012bb7aaec3,user21@bank,2025-04-17T02:58:30.014780,3338.18,Chennai,legit
01e6378e-a870-4f6b-8f3e-151daf64d4d6,user70@bank,2025-04-16T03:51:30.014780,4167.19,Mumbai,legit
c5bb92e2-5d91-4a95-8b3e-2c1ab5f5e9f7,user47@bank,2025-04-17T16:32:30.014780,2479.1,Mumbai,legit
444a40a5-4745-43bf-8e68-55e31ce567ea,user93@bank,2025-04-21T12:33:30.014780,4362.57,Mumbai,legit
536b56a2-6567-4812-bb90-00b800fe6738,user83@bank,2025-04-20T01:00:30.014780,813.01,Delhi,legit
ef09739e-7ad2-407e-8cb2-3aa2f301aca6,user89@bank,2025-04-18T23:57:30.014780,618.63,Mumbai,legit
fdd2c98f-55dc-4b4e-884e-9fcdbe9d15b2,user15@bank,2025-04-18T20:35:30.014780,4376.08,Chennai,legit
7b39e40c-807f-45c6-a1cf-349da03c22c5,user63@bank,2025-04-18T19:04:30.014780,2592.51,Mumbai,legit
442836c7-d4ce-478c-99dc-f2ba93d4fb72,user4@bank,2025-04-16T03:06:30.014780,4324.73,Mumbai,legit
4cd0addb-7ab8-43d6-977a-66948d6712db,user93@bank,2025-04-19T10:26:30.014780,2109.92,Delhi,legit
7ee57c2a-3590-43de-b002-dc226b0f7661,user41@bank,2025-04-21T09:48:30.014780,2930.52,Mumbai,legit
b3307047-ce63-4920-953b-87beb70afdb6,user100@bank,2025-04-14T18:16:30.014780,1311.34,Mumbai,legit
5c4d9ecc-922a-4850-a6db-a88aafde8a3d,user56@bank,2025-04-14T21:53:30.014780,1605.85,Chennai,legit
554b84fa-043f-4eb2-91a4-7e323a01eb9b,user56@bank,2025-04-15T22:00:30.014780,1845.93,Chennai,legit
fcc98cc2-eac4-43d8-9e8a-70329a008854,user28@bank,2025-04-19T07:59:30.014780,53.02,Mumbai,legit
a1196247-403e-4f29-88b4-565f37b494fb,user94@bank,2025-04-15T19:00:30.014780,3161.86,Mumbai,legit
bd4e9462-a2aa-4792-95a0-0bdff0fc229f,user41@bank,2025-04-19T12:34:30.014780,3127.16,Chennai,legit
5e36fb41-3e09-4edd-a02f-73a584f51858,user63@bank,2025-04-17T11:49:30.014780,4867.67,Delhi,legit
24ac1b7d-a7a5-46f1-9c2e-a018d482cc11,user39@bank,2025-04-20T01:44:30.014780,1859.63,Delhi,legit
86accdad-741d-413d-ab74-530981025238,user30@bank,2025-04-16T09:29:30.014780,4597.25,Chennai,legit
51f35c06-ee2e-477a-b658-34a9746fd48f,user68@bank,2025-04-19T07:29:30.014780,3367.91,Mumbai,legit
c5fbacbf-0d2e-4dd9-afb8-1e08145d451e,user5@bank,2025-04-20T05:58:30.015778,1637.33,Mumbai,legit
af7274f9-695a-4020-9e21-26202396f26d,user14@bank,2025-04-19T16:31:30.015778,2760.98,Chennai,legit
802d1f9f-e120-46ce-8df7-e8b6a38c8003,user45@bank,2025-04-20T10:48:30.015778,3756.25,Chennai,legit
983585dc-2d56-4542-8df9-cc5e77d412eb,user27@bank,2025-04-20T17:10:30.015778,4629.98,Mumbai,legit
d48fd526-59ce-48eb-8519-5f0f92b29ef5,user60@bank,2025-04-16T01:00:30.015778,1182.23,Mumbai,legit
4e1c1c28-36cc-41d1-b16b-f2cd4c084aba,user87@bank,2025-04-16T05:27:30.015778,3092.7,Delhi,fraud
90392d5b-7f9f-4b39-9c30-b332050e1a81,user3@bank,2025-04-15T09:16:30.015778,924.47,Chennai,legit
730a0faf-acdc-42d8-b85d-e07035c923a0,user68@bank,2025-04-14T17:49:30.015778,2233.03,Chennai,legit
f6cd000b-c937-4b96-8c84-d8c46cc564eb,user55@bank,2025-04-15T13:27:30.015778,1479.77,Delhi,legit
1b14a910-a6e1-48c1-96bf-274e8cd6378d,user61@bank,2025-04-19T17:10:30.015778,1330.88,Delhi,legit
33ab26a5-404d-4c65-9d60-dd25f8ffad90,user10@bank,2025-04-21T00:24:30.015778,4488.82,Chennai,legit
9700ea4f-8d40-49c9-8d46-5417c77aabc7,user51@bank,2025-04-19T13:58:30.015778,3709.42,Mumbai,legit
43e271f0-c0e0-4f22-b1dc-2f9d286ce498,user97@bank,2025-04-18T13:16:30.015778,909.2,Mumbai,legit
089c8794-3f1e-400d-9e1a-57bc17566d5e,user22@bank,2025-04-15T07:12:30.015778,2191.36,Mumbai,legit
c57f2e09-f100-4506-bb66-fb5b57d854ca,user78@bank,2025-04-17T22:41:30.015778,3277.1,Chennai,legit
3ce1f999-2a47-4fe4-985f-2264a0a0b45a,user34@bank,2025-04-19T13:25:30.015778,1489.28,Delhi,legit
d221266d-2d34-46ea-ae35-257fb6e428c2,user49@bank,2025-04-16T06:45:30.015778,4614.96,Chennai,legit
5664771b-ce14-423c-900b-952887ac06fa,user45@bank,2025-04-20T22:11:30.015778,246.85,Delhi,legit
50d83e7b-bc84-4800-8bfb-b13807be3b5a,user14@bank,2025-04-17T12:08:30.015778,4077.81,Mumbai,legit
5d9a6b3b-1d4a-4975-a327-62d8dd11c987,user72@bank,2025-04-20T18:12:30.015778,2349.74,Delhi,legit
ff34192d-3a13-492f-ab46-c8061788edc5,user89@bank,2025-04-14T15:49:30.015778,248.25,Delhi,legit
d3c30d51-e7b3-4818-a75f-33d978603a6e,user2@bank,2025-04-16T10:46:30.015778,664.19,Chennai,legit
b512c6fc-7108-4be1-aef3-19591e883b3e,user49@bank,2025-04-19T20:16:30.015778,247.01,Mumbai,legit
14e692c9-beaa-481f-b977-a7b83a9dc0c9,user16@bank,2025-04-15T03:05:30.015778,2329.2,Mumbai,legit
d5ec6a11-3521-46ca-ae5e-e931bf16522f,user62@bank,2025-04-21T06:31:30.015778,1924.55,Chennai,legit
aafcb154-1f3b-492a-b4cf-8e97902de1dc,user93@bank,2025-04-19T21:27:30.015778,858.0,Delhi,legit
6c24ba5d-77c4-45b5-87ff-ee8b81d282bd,user32@bank,2025-04-15T03:19:30.015778,3010.24,Mumbai,legit
1682522b-976a-4ca6-baf4-944dc2a5c9f8,user9@bank,2025-04-15T16:17:30.015778,2960.76,Delhi,legit
f63814bc-b79d-4aa9-8183-34d26835104b,user29@bank,2025-04-16T18:43:30.015778,593.57,Delhi,legit
07f29b40-ddd4-45ba-9792-376e8a75021b,user84@bank,2025-04-19T07:38:30.015778,514.56,Chennai,legit
36284586-4f15-4f18-aeb7-34dd10c9481f,user91@bank,2025-04-16T18:21:30.015778,1074.21,Mumbai,legit
06f5f256-262f-4113-bdcd-5dc95408dd40,user86@bank,2025-04-19T08:27:30.016775,1909.81,Chennai,legit
fe679442-57d2-4f78-bbf7-0f1f576dbaa6,user45@bank,2025-04-15T09:30:30.016775,2520.42,Delhi,legit
78235433-d983-4f8d-a8a1-c4b618bbf4b4,user18@bank,2025-04-15T19:47:30.016775,3222.3,Delhi,legit
2bbed174-1a7f-42a2-b43a-01b6feaaad0e,user85@bank,2025-04-16T06:53:30.016775,2283.82,Chennai,legit
874e1278-ddd6-4d6c-8f64-75615e607d65,user88@bank,2025-04-20T20:13:30.016775,2072.34,Mumbai,legit
08d097d0-eb2d-46f9-8a6f-76643143bd2c,user83@bank,2025-04-20T05:17:30.016775,3171.24,Mumbai,legit
5dd4f15c-d3c7-427e-9453-7ca9c974e696,user26@bank,2025-04-15T13:27:30.016775,2652.15,Chennai,legit
59627f59-4e1d-42d0-8987-29756d626c01,user2@bank,2025-04-18T22:29:30.016775,3130.94,Chennai,legit
f384cf97-0e6f-4755-8afd-961b229fa31b,user85@bank,2025-04-19T15:24:30.016775,413.26,Mumbai,legit
8d35d25e-2b65-413f-a3e1-f97445362690,user23@bank,2025-04-16T13:33:30.016775,4508.23,Chennai,legit
3f31f16e-6d50-431e-9ca5-d8227a736b82,user77@bank,2025-04-16T19:09:30.016775,2913.77,Delhi,legit
7f0c0c0e-114d-4ebe-bee7-ce00ec90f35c,user45@bank,2025-04-18T22:16:30.016775,597.78,Delhi,legit
3da544e9-e89d-4e4a-b3df-488ecab2ba56,user83@bank,2025-04-17T01:37:30.016775,2404.27,Delhi,legit
5435fc80-bfd1-435d-ab3b-478e0d8fe0b1,user42@bank,2025-04-15T21:38:30.016775,908.17,Delhi,legit
e078d2b9-729e-4a13-ba67-a5f18916c257,user51@bank,2025-04-16T16:44:30.016775,3468.14,Delhi,legit
0013f5c1-996d-426a-97bd-c369efc892f7,user5@bank,2025-04-18T10:40:30.016775,3056.08,Mumbai,legit
63351146-49dd-46b5-997c-c3e1e8b992a4,user97@bank,2025-04-19T01:02:30.016775,137.46,Chennai,legit
1d192663-642b-475f-a33e-fef97dfade10,user3@bank,2025-04-20T15:00:30.016775,4039.26,Mumbai,legit
2b2787e2-3217-41a3-bf57-2c33f67ea5e7,user64@bank,2025-04-21T05:50:30.016775,277.54,Delhi,legit
b0ca2196-5b09-40e2-9bfd-3ae72f1c5067,user25@bank,2025-04-16T12:20:30.016775,467.85,Delhi,legit
fb059bf2-87c3-4a90-b19d-78754753fac3,user16@bank,2025-04-16T20:16:30.016775,336.96,Chennai,legit
8d4b9352-cdf0-42ae-a82a-f3094369516c,user31@bank,2025-04-19T12:57:30.016775,4942.17,Mumbai,legit
4e83553e-0d6f-49f3-957e-df62f1ab075e,user68@bank,2025-04-15T12:13:30.016775,4954.88,Delhi,legit
6d307107-1782-4f47-823e-ef70514f3cf3,user71@bank,2025-04-21T06:47:30.016775,24.85,Chennai,legit
aae3622c-798a-4c50-ad01-42d8cfa57b26,user82@bank,2025-04-14T22:58:30.016775,1368.15,Chennai,legit
8c8961f9-64a9-431b-a194-688583cb585e,user15@bank,2025-04-16T21:58:30.016775,580.45,Mumbai,legit
4f9b1c06-dcd0-44da-a62a-5ca1d6aa8dc9,user49@bank,2025-04-15T22:06:30.016775,3769.77,Mumbai,legit
0b553fd8-ef60-4094-a1ec-e59fc08dfd0f,user42@bank,2025-04-15T03:18:30.016775,3754.0,Mumbai,legit
4df3af14-0998-4b3e-ad58-b1729c7c4fa4,user8@bank,2025-04-21T11:42:30.016775,188.32,Delhi,legit
de6555ea-b836-4e52-a805-5ecb398df78d,user32@bank,2025-04-17T23:26:30.016775,3286.55,Delhi,legit
b1553ece-be0a-44fe-a787-00279212c89b,user34@bank,2025-04-16T21:21:30.017773,969.63,Mumbai,legit
d9722d3f-d0b9-4f49-8003-a391f82636ad,user61@bank,2025-04-17T10:20:30.017773,1400.75,Mumbai,legit
4f93de65-aff3-4d26-97bc-9c7bad527f29,user22@bank,2025-04-17T21:12:30.017773,2498.37,Mumbai,legit
907a1085-3c1e-46a8-9e45-fbf375b4d88c,user82@bank,2025-04-16T03:52:30.017773,4578.61,Mumbai,legit
b2e47611-5808-4c8a-94f5-0a735bcfefbd,user79@bank,2025-04-16T14:25:30.017773,3691.21,Mumbai,legit
d2da6bc1-f481-4676-8ce6-218aeb05326f,user40@bank,2025-04-15T10:19:30.017773,3449.3,Delhi,legit
c6ba7576-cbae-471b-9677-357b1641477b,user24@bank,2025-04-17T13:42:30.017773,207.06,Delhi,legit
97874863-1217-4f3a-b9f2-5b5e42908255,user89@bank,2025-04-17T14:35:30.017773,3649.5,Mumbai,legit
1d6761b1-691b-4097-9743-35c9ac09e321,user31@bank,2025-04-21T13:10:30.017773,4737.2,Mumbai,legit
fb8fc9dc-82b1-4713-a6cf-d8c65e89152f,user91@bank,2025-04-19T06:57:30.017773,1004.2,Mumbai,fraud
50a4e9a6-86f0-4e60-9c88-33c745d3f41e,user25@bank,2025-04-20T08:17:30.017773,1760.91,Delhi,fraud
81e88048-c46f-474a-92c7-93a18a65c8ef,user66@bank,2025-04-17T14:35:30.017773,2893.27,Mumbai,legit
b8088812-3835-44bb-9434-88d90651482f,user19@bank,2025-04-16T17:08:30.017773,2040.68,Mumbai,legit
68661da5-3ed7-4271-9787-e63fab4c0744,user83@bank,2025-04-20T08:08:30.017773,2687.34,Mumbai,legit
8653a3c6-9401-4a14-a921-c7b53fd583b0,user83@bank,2025-04-14T21:32:30.017773,2519.73,Mumbai,legit
90c4be81-679f-446e-bbbe-2932f393e510,user75@bank,2025-04-18T21:18:30.017773,2965.04,Delhi,legit
421c4594-add6-4066-85a1-57ac332c8ee5,user46@bank,2025-04-19T15:41:30.017773,3695.69,Mumbai,legit
3cb53aee-e6bd-4c27-9af6-3870a21b9ad7,user74@bank,2025-04-20T17:22:30.017773,4139.86,Mumbai,legit
2607bb56-2690-4a1a-9158-dc8273ede470,user54@bank,2025-04-15T04:53:30.017773,1858.63,Mumbai,legit
b57d1f0b-12d1-4f15-8cf7-7fa54534d8a1,user82@bank,2025-04-14T21:29:30.017773,3101.5,Mumbai,legit
4c659f2a-6608-4df6-a643-c5d4db88e23d,user40@bank,2025-04-16T20:43:30.017773,4998.96,Delhi,legit
9c913e9c-4e5d-4f91-844d-160d0e45207d,user92@bank,2025-04-18T14:31:30.017773,519.24,Delhi,legit
db8eef4f-1cb0-45b5-bbf7-6fd7b0bfc127,user13@bank,2025-04-18T20:50:30.017773,2562.49,Delhi,legit
073cd610-39a2-4d78-8d9b-79f9593a0eed,user68@bank,2025-04-19T12:51:30.017773,3177.84,Delhi,legit
842e808b-2296-40bb-aa75-bd90ddb3aaea,user76@bank,2025-04-16T19:47:30.018770,4648.08,Mumbai,legit
0370b36c-3bf0-41da-8dba-43c37f19478e,user61@bank,2025-04-19T04:58:30.018770,3354.93,Chennai,legit
53aff221-5f02-4e41-896c-6a96b33cdc3f,user68@bank,2025-04-16T15:53:30.018770,980.84,Chennai,legit
0c56b0d4-cc63-4421-828d-87a57ee1958a,user23@bank,2025-04-18T04:26:30.018770,1837.23,Mumbai,legit
a3f69696-c5d9-4788-a011-f609d1740a7b,user93@bank,2025-04-20T15:08:30.018770,2053.98,Delhi,legit
776f8925-a22d-4780-a49f-d66ff9b6af9d,user81@bank,2025-04-19T18:23:30.018770,3117.95,Chennai,legit
834ee65c-104c-4927-be67-f52ec620032a,user70@bank,2025-04-17T01:00:30.018770,1952.98,Delhi,legit
85f8462d-7c50-4871-8ddf-9f31df586cc3,user34@bank,2025-04-16T18:56:30.018770,3900.98,Chennai,legit
b0000b2b-4b7a-48e8-b1c9-c86b6777f87e,user43@bank,2025-04-18T13:56:30.018770,4136.94,Delhi,legit
86b90c4b-26d2-4990-9a0b-d8e269c4eb78,user50@bank,2025-04-19T23:48:30.018770,2052.67,Chennai,legit
26550c73-ab18-479d-9e2c-97ecb4b01c2d,user3@bank,2025-04-16T06:17:30.018770,510.68,Mumbai,legit
affc184a-f484-47b1-b5a5-c967e0da556f,user51@bank,2025-04-18T13:19:30.018770,2481.17,Chennai,legit
2955d8f1-01e7-452e-a340-157366a8463c,user46@bank,2025-04-18T01:43:30.018770,1463.4,Chennai,legit
63a2c652-610b-4826-914e-c3e9740e7247,user42@bank,2025-04-19T13:37:30.018770,983.27,Delhi,legit
58390c98-54f4-4513-9f17-57f0f69fa847,user71@bank,2025-04-16T07:34:30.018770,440.18,Chennai,legit
d4616a77-e217-45e9-a47e-998e5f95b02f,user47@bank,2025-04-21T01:46:30.018770,4657.26,Chennai,legit
febef7d0-d54c-49f7-aa3f-c0a682a95f20,user77@bank,2025-04-18T23:27:30.018770,4581.63,Delhi,legit
08d88715-7e19-47da-a927-87ffb5130780,user73@bank,2025-04-16T12:03:30.018770,3766.7,Mumbai,legit
3e1de59a-6f5d-46b7-ae9c-7c6100506484,user81@bank,2025-04-16T03:46:30.018770,4075.89,Delhi,legit
33e51a36-a803-4a51-848e-51276abb3ba4,user19@bank,2025-04-21T10:53:30.018770,1907.89,Delhi,legit
87ced5d1-cd3f-44e0-9a24-f6ce7791d478,user32@bank,2025-04-20T18:56:30.018770,4919.98,Chennai,legit
7a2db275-7510-414c-ae54-963eb0014907,user12@bank,2025-04-19T21:45:30.018770,744.31,Mumbai,legit
f77c01ac-df98-4f8b-922f-f5f72cbe4a3b,user41@bank,2025-04-17T14:16:30.018770,1598.15,Mumbai,legit
96495337-214a-421f-89e5-4f0ea7f5ad55,user89@bank,2025-04-18T19:47:30.018770,2247.92,Mumbai,legit
2a99e2b4-4827-4965-8ee0-1b2837792092,user20@bank,2025-04-21T02:16:30.018770,2786.99,Chennai,legit
cf5e753e-80f5-4932-88de-bbb62e75bf53,user72@bank,2025-04-17T19:42:30.018770,1522.26,Chennai,legit
9ac7c3a3-de78-4256-8c2b-a7cb56205394,user25@bank,2025-04-15T17:55:30.018770,4515.12,Mumbai,fraud
4f45b219-09c9-4814-831d-e5e86f510334,user67@bank,2025-04-17T19:43:30.018770,1538.37,Chennai,fraud
152af984-e0c4-4772-96fe-42448e984c0a,user81@bank,2025-04-18T16:09:30.018770,1787.46,Delhi,legit
8846f2a0-88be-46ad-9fe5-45d8e8c5439b,user50@bank,2025-04-21T10:21:30.018770,3505.99,Delhi,legit
e0488d8a-4c73-4d98-8f39-82d4c00a991b,user78@bank,2025-04-15T11:12:30.018770,3775.25,Delhi,legit
b6831c95-8894-4ca4-870e-08ee7b048e5f,user16@bank,2025-04-16T20:20:30.018770,1762.52,Chennai,legit
002eecd8-6e03-4d40-971c-bfeecd80cad3,user89@bank,2025-04-21T08:24:30.018770,2245.62,Chennai,fraud
418f08db-3872-4070-b0ce-446f474967b2,user45@bank,2025-04-16T18:14:30.018770,336.72,Mumbai,legit
08dd8151-17ae-4690-975e-05ad274d06ad,user15@bank,2025-04-21T06:01:30.018770,4804.58,Chennai,legit
5bfe2b1d-8c20-4a7f-a181-8ccc79a8780d,user81@bank,2025-04-19T08:48:30.018770,4704.55,Chennai,legit
b7bf209b-4bda-446d-b626-dbf58ee8fdb0,user20@bank,2025-04-17T22:44:30.018770,4885.87,Mumbai,fraud
21a89c76-ad91-4fa0-b382-b242a4ea48e9,user63@bank,2025-04-15T00:30:30.018770,4363.55,Delhi,legit
6bff2934-dab6-4526-8f7c-517fb12139c7,user97@bank,2025-04-17T07:39:30.018770,2300.72,Mumbai,legit
fe62b4ea-1724-419d-99f0-3386b890deb0,user64@bank,2025-04-20T12:30:30.018770,2419.38,Chennai,legit
776f1bd7-52ee-4cfe-8223-8c02c38293d5,user83@bank,2025-04-19T20:06:30.018770,2627.63,Chennai,legit
09c60e1c-5623-4998-9517-9a5f87c0ca2c,user51@bank,2025-04-19T16:20:30.018770,4340.58,Delhi,legit
7e96476d-27fa-452e-8da8-65b4681f5e19,user15@bank,2025-04-14T20:02:30.018770,2075.75,Mumbai,legit
6296c81d-dd5f-42d1-82f8-115b23842b8f,user65@bank,2025-04-15T12:11:30.018770,1649.33,Mumbai,legit
ec19f00e-4016-4d43-8c1b-6ad5fc8d28c3,user82@bank,2025-04-20T07:04:30.020278,2775.3,Delhi,legit
158d0d9b-9573-4054-9b86-53eecae119e6,user6@bank,2025-04-14T18:09:30.020278,4380.73,Chennai,legit
8a5851cb-6799-479a-b6bd-5e5856d1d703,user69@bank,2025-04-20T20:55:30.020278,1829.16,Mumbai,legit
90a79437-5c85-4af9-81d6-c1cc013a14f7,user19@bank,2025-04-15T02:14:30.020278,35.47,Delhi,legit
ef34c8ec-6e22-4204-ba6f-51d04af2a49a,user78@bank,2025-04-16T17:59:30.020278,1472.84,Mumbai,legit
184461fd-5fd8-419b-be71-79d373f02430,user66@bank,2025-04-21T08:11:30.020278,759.63,Chennai,legit
a306eaae-d228-42fc-a27a-f21491053125,user5@bank,2025-04-20T19:23:30.020278,2316.58,Delhi,legit
00168d07-2e9c-4b01-aef1-81dcd08b59bf,user39@bank,2025-04-20T15:42:30.020278,2928.77,Mumbai,legit
108b9072-dc09-4ad2-8dbc-9da99a7483eb,user21@bank,2025-04-18T17:07:30.020278,1584.24,Mumbai,legit
f97db212-70d5-4690-946d-66e2437e936b,user60@bank,2025-04-20T20:27:30.020278,4290.23,Chennai,legit
d165ce87-2cb7-4a64-af86-50f2bbec7616,user88@bank,2025-04-20T13:12:30.020278,2815.92,Chennai,legit
e500cd8a-42fc-4e07-addc-44a580b94c90,user39@bank,2025-04-19T09:54:30.020278,2386.79,Mumbai,legit
0771e59c-8f86-474c-a048-911e205735bf,user51@bank,2025-04-16T13:55:30.020278,2489.77,Delhi,legit
d06442c4-39b8-4650-a866-29244cb29081,user67@bank,2025-04-19T08:45:30.020278,3634.78,Chennai,legit
43d62c9f-f14a-4fd9-acd9-4d311f330aad,user60@bank,2025-04-19T22:13:30.020278,2769.44,Mumbai,legit
585c62bb-dec1-44c4-8872-efe566cd356c,user59@bank,2025-04-15T13:28:30.020278,2836.61,Delhi,legit
14253067-9246-462a-bd0b-d71956827f8b,user45@bank,2025-04-19T12:33:30.020278,2315.4,Delhi,legit
fc813ae4-8055-4ad0-80f0-395554531301,user41@bank,2025-04-20T16:32:30.020278,3578.06,Mumbai,legit
d2f432bc-f02b-4247-bc3e-fa7d5087fe56,user71@bank,2025-04-17T01:13:30.020278,2969.93,Delhi,legit
351bf6a1-bdb3-4c34-953a-e5b057d10cbe,user80@bank,2025-04-15T13:09:30.020278,2835.26,Chennai,legit
0453ad90-b6b7-4854-b04b-13ad5f3dfa64,user83@bank,2025-04-19T07:01:30.020278,2289.25,Delhi,legit
1a3c11c7-751d-4262-a9ec-54c607a928ef,user50@bank,2025-04-20T16:27:30.020278,627.91,Chennai,legit
b38bed6b-b750-40eb-8423-178efa0d093f,user65@bank,2025-04-19T15:00:30.020278,3247.41,Delhi,legit
686f77e0-dbc1-46ba-8917-6ff812e7e073,user90@bank,2025-04-19T01:07:30.020278,140.79,Delhi,legit
5b0af56e-7827-4572-bbe7-31a2eaa0d0a4,user91@bank,2025-04-15T10:46:30.020278,3442.08,Chennai,legit
cc924d20-1c2d-411e-9ecd-1c5136f685e5,user8@bank,2025-04-20T10:12:30.020278,1173.37,Mumbai,legit
b23e268b-2cb8-4f3a-a462-b9633cf8bb58,user62@bank,2025-04-16T10:24:30.020278,122.37,Mumbai,legit
b60f2a79-6eb3-4bfc-a2f7-f4518cdb0dc6,user21@bank,2025-04-17T04:09:30.020278,3924.3,Chennai,legit
77533b9c-a586-4d8a-bc0f-4f214be737a2,user85@bank,2025-04-20T03:38:30.020278,728.32,Delhi,legit
1a17f6c9-071e-4192-96eb-4899d5229abf,user70@bank,2025-04-18T11:14:30.021279,4357.98,Delhi,legit
249b3d9d-ca1d-499c-9181-f00b3ed356c5,user80@bank,2025-04-18T12:15:30.021279,4277.48,Chennai,legit
a8573327-0cb8-41a1-ab13-d205b763db0a,user4@bank,2025-04-19T11:11:30.021279,458.34,Delhi,legit
1cbd36dc-47c4-40ca-a8e0-e598f3d4cb00,user61@bank,2025-04-20T11:59:30.021279,2201.65,Mumbai,legit
b8770ecb-5f7d-4aaa-a4d3-b60e3a6b4610,user42@bank,2025-04-21T02:03:30.021279,4154.13,Delhi,legit
e3d3e860-5a0e-4b5d-943f-8dab92149a87,user55@bank,2025-04-19T13:27:30.021279,3550.23,Delhi,fraud
53bb691a-4bdb-4bca-942a-2e0dadd3acb2,user52@bank,2025-04-15T04:27:30.021279,2857.52,Chennai,legit
8933adb4-0451-47ed-b440-45abd0ef2dfe,user28@bank,2025-04-19T02:28:30.021279,3371.85,Delhi,legit
cd3a0cf6-f642-4abb-baf9-ca62a3d47bc7,user99@bank,2025-04-21T10:24:30.021279,2318.75,Chennai,fraud
b7c1f0b2-30d6-409f-99ab-70f2e1cf803e,user92@bank,2025-04-17T15:04:30.021279,3926.77,Mumbai,legit
a9771511-3daf-44a2-8367-5d3e307b06ba,user88@bank,2025-04-18T13:46:30.021279,1159.53,Chennai,legit
9aef96c9-dde3-4e9f-a4d6-1f731fef722e,user97@bank,2025-04-16T03:34:30.021787,1379.65,Delhi,legit
8fdf0a36-4de9-42ba-88cc-c19fb045d976,user41@bank,2025-04-19T19:19:30.021787,843.31,Delhi,legit
13c4682c-947d-4d1e-80d9-b63d6d29dc74,user9@bank,2025-04-21T09:56:30.021787,1008.78,Chennai,legit
580800ee-b55d-4fce-94c8-695323f3dbe7,user81@bank,2025-04-14T15:59:30.021787,2767.76,Delhi,fraud
d954c9a8-1f5b-4e2a-bd04-ddc2556ea316,user94@bank,2025-04-20T08:44:30.021787,634.32,Chennai,legit
ae45f206-3bb1-4de9-ad31-5c77bbcaa670,user95@bank,2025-04-19T02:10:30.021787,731.82,Mumbai,legit
d0ab7677-a41d-4053-a1b9-3265e41afaa4,user67@bank,2025-04-20T18:37:30.021787,2294.03,Mumbai,legit
c4c289c7-beb1-4855-9206-80af39aed974,user8@bank,2025-04-15T06:04:30.021787,1104.52,Chennai,legit
eeb756af-7d15-4f20-94db-188f4fdc6686,user87@bank,2025-04-19T13:36:30.021787,2165.73,Chennai,legit
24ecec84-7597-4aa7-ac92-17cef1ed33ed,user80@bank,2025-04-15T17:45:30.021787,107.87,Chennai,legit
875b59e2-40be-46eb-a979-e6353215a891,user30@bank,2025-04-17T04:26:30.021787,4514.48,Chennai,legit
e3c0ecf5-0165-44e0-a36e-2d8b8cbbcc17,user83@bank,2025-04-20T17:49:30.021787,2358.91,Mumbai,legit
71570b61-49ac-4b44-b619-bf5868068d06,user56@bank,2025-04-18T04:48:30.021787,1710.46,Mumbai,legit
97c2f25a-3dd6-4765-b19c-058e7f2c5b50,user16@bank,2025-04-21T08:50:30.021787,2754.93,Chennai,legit
14eee36a-9267-485d-bd0c-9b022547d0be,user66@bank,2025-04-16T06:06:30.021787,3844.32,Delhi,legit
316d009a-3afe-4b16-9a34-594763f6933a,user7@bank,2025-04-16T14:44:30.021787,2493.58,Chennai,legit
4a437cfe-3d54-4b19-98d8-637ea3d3df15,user60@bank,2025-04-16T19:34:30.021787,4268.18,Mumbai,legit
c167544d-91bb-4432-9645-8f45adda0b1e,user20@bank,2025-04-15T00:59:30.021787,1854.29,Delhi,legit
b42f39d1-daef-458a-b909-6e49edba1194,user5@bank,2025-04-19T23:29:30.021787,1579.9,Mumbai,legit
e8e5badb-3ca7-448a-b80a-a97ef6daa73f,user92@bank,2025-04-17T04:17:30.021787,3977.06,Mumbai,legit
580b5ad7-f357-4765-83bd-34eed17c57cf,user15@bank,2025-04-17T11:54:30.021787,3566.63,Delhi,legit
418a5e1b-192f-47f3-b941-68afb8842bb5,user71@bank,2025-04-20T15:19:30.021787,4780.87,Mumbai,legit
cb2872dc-a20a-4653-aa96-8d640f020026,user56@bank,2025-04-15T11:58:30.021787,264.58,Mumbai,legit
f75a3793-2229-470f-963a-e5e8258a1641,user40@bank,2025-04-17T21:02:30.021787,961.76,Mumbai,legit
e98306f1-5822-43b1-b916-1abe5d20724a,user15@bank,2025-04-15T03:35:30.021787,2227.72,Mumbai,legit
e4441398-fd55-4b54-ab2a-3768b7831725,user89@bank,2025-04-19T20:00:30.021787,2576.83,Delhi,legit
989a6a07-0eac-428e-90c4-1755fe88bcc5,user56@bank,2025-04-15T06:17:30.021787,4611.12,Chennai,legit
fd502ce7-d796-4292-8f35-69286c287e97,user68@bank,2025-04-15T05:13:30.021787,2550.62,Chennai,legit
98c042c4-adc9-47a4-88bd-4b406149c730,user100@bank,2025-04-17T21:44:30.021787,2744.94,Delhi,legit
a44fc272-9558-442e-85cc-ce65d4292873,user5@bank,2025-04-18T22:37:30.021787,4812.3,Delhi,legit
4338f582-ee3d-4ca4-a945-22beb7d57de4,user2@bank,2025-04-19T08:14:30.021787,3861.61,Mumbai,legit
2fee629d-d0fe-403c-a3c5-1d449e75cf6f,user5@bank,2025-04-20T11:58:30.021787,1831.56,Mumbai,legit
e9b5f831-24ec-4d80-9127-63ecccd1d8e9,user32@bank,2025-04-19T19:25:30.022915,4336.98,Delhi,legit
840d112f-1402-4f61-b5b3-96bbd827e5bd,user16@bank,2025-04-18T00:42:30.022915,4813.39,Mumbai,legit
08ec27e6-f63e-4075-8afb-ee12cc4507c5,user37@bank,2025-04-17T16:23:30.022915,1379.76,Mumbai,legit
4ca440be-8e43-460f-9573-2f23428421f8,user6@bank,2025-04-16T12:33:30.022915,2165.26,Delhi,legit
09eef8fa-b3bc-409d-a1f2-405324f11f28,user14@bank,2025-04-15T21:49:30.022915,1024.73,Chennai,legit
2cd4cf43-4b8a-4f9d-a4e2-c8e76f9f8462,user5@bank,2025-04-21T04:36:30.022915,2911.74,Mumbai,legit
7d0933e8-236c-4904-a2dc-62724df736b5,user80@bank,2025-04-20T22:35:30.022915,1709.08,Chennai,legit
7295d35e-e4bf-4768-87af-f7373d067d72,user48@bank,2025-04-16T11:34:30.022915,3558.98,Delhi,legit
68764ce2-fc23-4ec7-9d96-2583ebc62788,user28@bank,2025-04-17T05:37:30.022915,144.76,Chennai,legit
dc2ebad4-24e1-404c-9541-716fef90a343,user94@bank,2025-04-20T10:33:30.022915,4432.34,Chennai,legit
cac5bfd3-5cb7-4c80-8bcc-cba1ea3ec801,user38@bank,2025-04-19T12:27:30.022915,371.15,Mumbai,legit
c69fafa0-d712-42ec-954e-13c24a5132c2,user98@bank,2025-04-15T20:32:30.022915,1227.04,Chennai,legit
3b8672af-836a-4820-9df4-f6327c266032,user21@bank,2025-04-17T13:42:30.022915,2361.68,Delhi,legit
f35811d8-0ffc-43bd-9850-b296868212f0,user99@bank,2025-04-17T06:25:30.022915,3078.91,Delhi,legit
b58503b6-b4b9-4c96-9556-edd3838c6a46,user99@bank,2025-04-17T21:19:30.022915,3395.42,Mumbai,legit
8eff05f0-cf84-4fde-811c-e2e82a22f210,user21@bank,2025-04-20T19:17:30.022915,955.13,Mumbai,legit
81ca1519-d5be-4d01-843f-cc881ba9da8e,user56@bank,2025-04-18T23:18:30.022915,996.57,Mumbai,legit
224d4ab5-4929-4b4f-93e0-013def38936a,user45@bank,2025-04-15T16:46:30.022915,1397.98,Delhi,legit
c4abd81a-d11f-4241-8044-aea9967ac64c,user41@bank,2025-04-18T07:27:30.022915,3530.79,Chennai,legit
85e6b6e0-24ce-42ff-a9e8-a83bb142c659,user60@bank,2025-04-17T20:59:30.022915,1188.46,Delhi,legit
c6f61ac4-5e4b-4c77-b90d-16317afd5750,user28@bank,2025-04-20T22:09:30.022915,501.66,Delhi,legit
04e93ac8-eec8-4ede-bad5-e71be080cc71,user79@bank,2025-04-15T17:36:30.022915,3890.53,Chennai,legit
522ea2cf-1588-4b46-8455-b7ce2c129f6c,user9@bank,2025-04-20T16:20:30.022915,142.33,Delhi,legit
84da0cd3-cab8-4c68-a2f5-26692cecf00e,user40@bank,2025-04-15T14:17:30.022915,1166.24,Mumbai,legit
5d973835-6355-4a2a-a22f-0a51ac35acc1,user70@bank,2025-04-14T19:18:30.022915,216.98,Delhi,legit
cec4d2ba-7542-4208-8994-b9423a264a00,user71@bank,2025-04-19T09:19:30.022915,3794.49,Mumbai,legit
fc3c8616-f5ed-4788-b566-ef0e073cd8b0,user96@bank,2025-04-16T09:08:30.022915,1664.89,Mumbai,legit
9d655329-6f3e-46a6-992f-757d1f683d1f,user98@bank,2025-04-21T00:51:30.023912,4399.35,Chennai,legit
18d4fc65-3a08-4107-9574-376571d13481,user34@bank,2025-04-19T19:59:30.023912,3998.9,Chennai,legit
af0ec8af-4a7f-451d-91b4-b7ea446b78b4,user73@bank,2025-04-19T22:52:30.023912,4639.41,Chennai,legit
353419f9-2def-491a-9f95-70b4c8c1b492,user11@bank,2025-04-18T22:56:30.023912,4967.77,Delhi,legit
dedc4feb-c76f-4336-9ee2-96e55b1cff39,user42@bank,2025-04-19T08:35:30.023912,4963.83,Mumbai,legit
709df72f-1fd4-4151-8e28-5854d8478673,user77@bank,2025-04-20T14:24:30.023912,2203.58,Mumbai,legit
5a74a05b-7a75-4286-9fce-3ccbfdee04e0,user38@bank,2025-04-16T02:47:30.023912,855.94,Chennai,legit
c298f12c-8dd1-4f46-855e-82e4a3d83c9a,user93@bank,2025-04-18T15:55:30.023912,1441.1,Delhi,legit
f5661d9e-4fcd-41bc-aa5e-0a9b73e792d2,user66@bank,2025-04-20T02:03:30.023912,229.54,Delhi,legit
a6f30030-c25a-450e-a138-8c0437fe734e,user2@bank,2025-04-16T22:52:30.023912,1270.95,Mumbai,legit
f466c2fd-b02b-4752-82cd-f2057d3cc68e,user95@bank,2025-04-20T07:35:30.023912,3707.47,Delhi,legit
d4ab6a08-ede5-491c-9b3c-21538e809ce6,user3@bank,2025-04-14T18:46:30.023912,914.41,Chennai,legit
d93857c3-15f9-4094-b8ee-f71d251dcb6b,user90@bank,2025-04-20T18:20:30.023912,318.74,Mumbai,legit
b78f7ad0-7f73-40e7-b566-9857dd2a1cdc,user33@bank,2025-04-20T01:43:30.023912,29.67,Delhi,legit
b5bcd8e3-f348-4aa4-871b-d09ed172646f,user16@bank,2025-04-18T08:42:30.023912,283.7,Mumbai,legit
9acc1529-6160-4831-a2a6-92e2cfa43199,user94@bank,2025-04-20T12:19:30.023912,184.99,Chennai,legit
a45455aa-4dca-4be3-b398-a3d3fb07f2af,user26@bank,2025-04-17T05:43:30.023912,41.85,Mumbai,legit
92820ea2-96ba-4bf2-b2f8-2bd4b9c9f138,user25@bank,2025-04-20T11:49:30.023912,3861.09,Delhi,legit
79e0d278-b632-49f9-bb68-56f90f233fbe,user85@bank,2025-04-14T22:46:30.023912,3190.74,Mumbai,legit
23e1b72b-463e-4a2a-807b-afc300a4e562,user99@bank,2025-04-17T04:58:30.023912,2963.55,Mumbai,legit
813a976c-63c9-4d0a-8b1e-230d8c3eddfc,user58@bank,2025-04-15T04:44:30.023912,4050.15,Mumbai,legit
2fc8fe89-bedb-46b6-b6ac-e8b76a3a0873,user13@bank,2025-04-15T09:05:30.023912,689.63,Delhi,legit
8e28a579-80be-4d87-94c4-6a005ca7e259,user79@bank,2025-04-16T03:41:30.023912,3947.16,Delhi,fraud
7aebd5d3-e9c7-4546-a8f7-4798bc47a3a2,user27@bank,2025-04-21T05:09:30.023912,4063.0,Mumbai,legit
fbb7b70e-9064-4cc9-95c0-460c5dc2d25f,user74@bank,2025-04-14T18:35:30.023912,3367.36,Mumbai,legit
d81252b6-25c6-4c1b-b968-7005df79b971,user21@bank,2025-04-20T05:31:30.023912,4247.55,Chennai,legit
1ae36119-5273-43fa-b883-de6049e9687a,user23@bank,2025-04-19T05:17:30.023912,3764.14,Delhi,legit
adde1df4-ae45-49ed-86b6-c2d85dd3cb21,user42@bank,2025-04-17T02:44:30.023912,4271.67,Mumbai,legit
ec30779a-6307-4743-b38a-94323ebaeaf6,user9@bank,2025-04-16T18:09:30.024910,4332.27,Chennai,legit
d56e68fe-5a0d-430b-b4cf-52dcd4868cbf,user76@bank,2025-04-16T20:51:30.024910,4973.16,Chennai,legit
5d33eb34-c801-4139-bb93-f11e46a17d83,user80@bank,2025-04-18T06:09:30.024910,188.89,Mumbai,legit
8f47c3b8-3022-43ec-866d-b651ab4a78a3,user29@bank,2025-04-16T03:15:30.024910,745.61,Delhi,legit
a571a317-aeb3-45fb-aa6a-398651b8b1c9,user71@bank,2025-04-20T19:36:30.024910,862.0,Mumbai,legit
d836c2cf-0acb-4498-a74e-4a9086dc36d0,user70@bank,2025-04-19T03:04:30.024910,4810.79,Delhi,legit
b5a5c3e4-70ea-4cdb-84d1-ed5e595cf055,user25@bank,2025-04-17T19:58:30.024910,3549.31,Chennai,legit
aabd9426-d9af-45cc-9ac9-b62184cd6b59,user23@bank,2025-04-17T09:39:30.024910,163.84,Delhi,legit
5254a038-399d-419d-8db2-02566c9f79da,user94@bank,2025-04-18T04:31:30.024910,2291.68,Mumbai,fraud
3a7fa3f9-ec9e-44c6-ac45-98378258ddfe,user42@bank,2025-04-17T23:35:30.024910,3358.02,Mumbai,legit
100de4b0-2cb6-4f54-9112-01b1972cb2e7,user12@bank,2025-04-18T10:21:30.024910,2293.09,Delhi,legit
921ad73c-d435-4573-90d4-76bf076f7acb,user61@bank,2025-04-15T20:52:30.024910,1537.82,Chennai,legit
26df1019-94e8-4bc1-8fd5-05c121afbca8,user42@bank,2025-04-18T22:47:30.024910,3733.82,Chennai,legit
76a8c0a6-cb11-4fc7-9da5-e5e8846068e1,user100@bank,2025-04-17T16:05:30.024910,4512.33,Mumbai,legit
37b2c14d-9b46-473f-9999-2d19aff1dc6d,user16@bank,2025-04-17T09:55:30.024910,1351.06,Chennai,legit
f5b4dd3b-77a4-4a84-871b-46f3fe2d79ca,user32@bank,2025-04-21T09:10:30.024910,2776.92,Chennai,legit
4e06e996-6874-46e1-a207-302136695346,user25@bank,2025-04-21T07:50:30.024910,4190.15,Mumbai,legit
3beda3ff-58e7-44e6-a64a-3814b15455eb,user53@bank,2025-04-18T10:08:30.024910,86.26,Chennai,legit
8b79d183-2311-4b4a-a230-b01fd32974a7,user43@bank,2025-04-20T15:33:30.024910,3434.36,Chennai,legit
19e61169-c115-4aa0-ae2f-0f1796f86cc4,user12@bank,2025-04-18T03:09:30.024910,4197.12,Delhi,fraud
a8611cf7-f8f3-4e52-be8c-f2469602fbfd,user74@bank,2025-04-21T13:14:30.024910,3440.15,Mumbai,legit
5829f896-26a0-4fa3-8d8c-cb90d1c89d6d,user73@bank,2025-04-16T00:44:30.024910,600.16,Delhi,legit
3e6ff8dd-6009-47cf-aaea-550537868b7d,user95@bank,2025-04-19T18:37:30.024910,3825.44,Chennai,legit
9f487d66-c45c-4626-a953-66ea0d6298c7,user31@bank,2025-04-17T11:41:30.024910,2531.18,Mumbai,legit
e7e5ef7f-e34f-4ae0-82a7-06ac0133187d,user29@bank,2025-04-16T13:43:30.024910,390.92,Chennai,legit
314859b9-fa39-4fbe-b969-61397f7f27ee,user45@bank,2025-04-20T14:35:30.024910,3665.35,Delhi,legit
be5af252-5911-4c2a-aa20-6b494492af10,user42@bank,2025-04-18T16:42:30.024910,790.14,Chennai,legit
39607422-d99b-43d1-b404-fd2cf90287e8,user28@bank,2025-04-16T18:10:30.024910,4128.9,Mumbai,legit
afe83edf-8bcb-4748-953f-c6017280de8b,user35@bank,2025-04-15T13:01:30.024910,2560.37,Delhi,legit
97960855-d8b0-4748-ae71-d57c6ede0847,user70@bank,2025-04-19T12:02:30.024910,4814.66,Chennai,legit
920d699f-9c77-4924-bc2f-34b82f1da689,user19@bank,2025-04-15T08:09:30.024910,652.96,Chennai,legit
91bbd870-8589-4d8a-b331-160f6a3ac6c5,user19@bank,2025-04-18T18:44:30.025907,4831.44,Chennai,legit
5274c4a9-d8de-4f88-8b2c-3405734b9ef5,user99@bank,2025-04-21T04:30:30.025907,2861.1,Mumbai,legit
23fb0770-4bfb-4984-a11f-114f8ee00d6f,user29@bank,2025-04-14T23:42:30.025907,272.44,Mumbai,legit
9a07650e-6c9f-4adb-b5e4-bbaa5ac975f4,user85@bank,2025-04-19T21:37:30.025907,3794.55,Delhi,legit
c521f36b-9f96-4c5a-a4b2-1a618df4c090,user62@bank,2025-04-18T13:18:30.025907,3881.46,Mumbai,legit
9a2a76fe-6d38-4e54-9d7b-4206fc04093a,user62@bank,2025-04-21T03:44:30.025907,845.21,Delhi,legit
0f7797c9-c240-45cd-bed2-0e593d0a1554,user27@bank,2025-04-15T23:27:30.025907,2775.57,Chennai,legit
ddb0699c-3b5a-4c78-b10e-50644917a4b1,user13@bank,2025-04-19T14:17:30.025907,4041.27,Chennai,legit
cabb7a08-32fa-49e2-9389-5c66d2c323ac,user1@bank,2025-04-17T11:06:30.025907,3631.92,Mumbai,legit
1ef09a0c-7b80-461a-ad41-e6fd3663a28c,user96@bank,2025-04-21T09:41:30.025907,551.53,Chennai,legit
75f343af-2387-40a0-bea0-8e96a304a777,user35@bank,2025-04-18T12:51:30.025907,1438.25,Chennai,legit
eb95a872-ce2a-45d1-815a-0d577d11e064,user29@bank,2025-04-17T08:27:30.025907,686.82,Delhi,legit
8a94008e-1872-406b-9083-215a2c731b4d,user90@bank,2025-04-20T08:52:30.025907,4973.25,Delhi,legit
5da41e2b-4961-4fde-81de-e669532652af,user74@bank,2025-04-16T09:06:30.025907,3195.71,Delhi,legit
387569e8-ef6b-49c1-987e-d13a9e7dd7fd,user81@bank,2025-04-19T12:52:30.025907,4788.38,Delhi,legit
09e944fd-6b1a-4fbd-ac0a-4149a71fd8f7,user37@bank,2025-04-19T10:11:30.025907,2436.42,Chennai,legit
343d9429-e1f0-45a8-8a7e-dc466714e1b8,user75@bank,2025-04-20T02:03:30.025907,721.03,Mumbai,legit
552fdada-1a2f-4693-a1c6-d96c9f0d06b2,user90@bank,2025-04-20T18:01:30.025907,3001.84,Mumbai,legit
1182de34-4183-4f7e-8911-b9342e63e754,user7@bank,2025-04-18T03:08:30.025907,2016.0,Mumbai,legit
5b50b26d-f5b2-4d9e-8d9a-b7f3b29506a5,user46@bank,2025-04-15T15:07:30.025907,4438.73,Mumbai,legit
05ab6b2c-ad3b-406e-8b73-1bfcce3b5220,user18@bank,2025-04-15T14:22:30.025907,3126.88,Chennai,legit
5744206e-ab2c-48a2-995e-5ebf0450a843,user26@bank,2025-04-21T10:46:30.025907,2284.8,Chennai,legit
1aaec554-d608-4c0e-be7f-1804116f8e02,user63@bank,2025-04-21T09:43:30.025907,705.85,Mumbai,legit
1111ab80-91db-4cb4-a852-84160dd3987f,user88@bank,2025-04-18T20:05:30.025907,1107.43,Chennai,legit
4cc03be3-7778-4d53-8b68-423a5cef66fc,user69@bank,2025-04-17T20:28:30.025907,3565.96,Delhi,legit
7b587611-80a8-4264-bad0-d368078aa567,user71@bank,2025-04-16T00:29:30.025907,3081.8,Chennai,legit
9fbfe3f4-3a4f-4bd7-8ae1-ab19cca94539,user12@bank,2025-04-17T13:21:30.025907,1998.45,Chennai,legit
ab005b36-1c13-4a3d-a34f-235e27126ac8,user20@bank,2025-04-17T17:22:30.025907,4138.28,Chennai,legit
ada5c109-f738-4769-b311-008888085f6a,user46@bank,2025-04-20T16:37:30.025907,1192.7,Mumbai,legit
d86ed064-0432-4580-b7d6-f34443fcafc6,user99@bank,2025-04-18T18:04:30.025907,2931.85,Delhi,legit
ae7d6949-2579-48f4-803b-745040c4cab7,user11@bank,2025-04-18T03:29:30.026904,876.21,Chennai,legit
7f98af2e-27e1-4907-8cd5-187dd5a28254,user26@bank,2025-04-17T22:18:30.026904,2815.03,Chennai,legit
1f33785f-98bf-4db0-b0a0-83cc97b4c885,user17@bank,2025-04-16T20:58:30.026904,3899.51,Delhi,legit
dc590031-c586-466f-8cbb-0fd01975940c,user91@bank,2025-04-15T20:58:30.026904,1417.15,Mumbai,legit
7c810e64-7655-481a-8985-32632460b9a5,user51@bank,2025-04-18T02:32:30.026904,2513.36,Mumbai,legit
f19e5e7d-a2ab-4b95-b524-b4a0b66338b2,user93@bank,2025-04-17T05:52:30.026904,2797.18,Chennai,legit
a07b2e84-ee92-4893-acae-ab17ac2759be,user14@bank,2025-04-18T23:28:30.026904,3961.2,Mumbai,legit
a9a24f17-63fb-48cc-b75a-937720293592,user93@bank,2025-04-20T14:47:30.026904,3082.18,Delhi,legit
2c986f08-bd08-464e-8aff-60a8f59a81b1,user100@bank,2025-04-16T18:06:30.026904,865.62,Chennai,legit
775d3cf0-2acc-4107-abb8-5ca0cfde5311,user56@bank,2025-04-18T16:48:30.026904,636.22,Chennai,legit
f04690a7-979b-4dd9-8256-9df46d572e7b,user62@bank,2025-04-19T20:32:30.026904,1291.46,Mumbai,legit
f710e64a-9d58-483c-9dcb-db27c8ab7722,user23@bank,2025-04-17T03:18:30.026904,1339.23,Delhi,legit
d9d8c5b8-4e0f-4900-befc-36067e302b32,user69@bank,2025-04-15T11:31:30.026904,366.05,Mumbai,legit
179ceed9-472e-4560-8a64-4bc5b6bff56c,user98@bank,2025-04-15T01:26:30.026904,3011.87,Delhi,fraud
0686d7f1-e6b5-4e72-a73a-3b784e95cc6a,user56@bank,2025-04-17T20:46:30.026904,2151.83,Delhi,legit
1163a074-1a3c-4d07-a675-1d2374ff7e3c,user68@bank,2025-04-15T15:40:30.026904,4854.8,Delhi,legit
a0fee970-71a4-4bd7-9f8c-83fbec552cd4,user90@bank,2025-04-17T00:08:30.026904,1529.26,Chennai,legit
af417202-1221-4aa2-a310-e60842b3bc81,user47@bank,2025-04-20T10:00:30.026904,462.86,Mumbai,legit
5a874fa2-84f7-4430-9d06-4d710c171ae5,user10@bank,2025-04-15T03:32:30.026904,1940.94,Mumbai,legit
cc5a9898-5528-4dc2-8806-dc3a30a1c399,user85@bank,2025-04-20T13:57:30.026904,1637.53,Delhi,legit
20baa0ce-7b23-4b0f-a7e3-eabe0b2a4b31,user7@bank,2025-04-16T08:28:30.026904,4052.75,Delhi,legit
b0d9e1d3-4037-44b5-b6eb-50f50b7cc88f,user29@bank,2025-04-17T13:48:30.026904,2265.05,Mumbai,legit
59114207-f381-4dd6-b7c3-34032f753003,user41@bank,2025-04-18T03:08:30.026904,2931.46,Mumbai,fraud
16a9adf1-21cf-4f6b-96cf-a772153f8a43,user75@bank,2025-04-14T16:02:30.026904,724.6,Chennai,legit
bd76913d-7851-4529-ab0d-bbf124d15c2d,user71@bank,2025-04-16T23:25:30.026904,4772.11,Mumbai,legit
b07430fc-b8bc-4237-886c-caa19a342798,user22@bank,2025-04-15T11:49:30.026904,931.0,Chennai,legit
b200aa3c-f0ee-43e6-b991-af12f11bf4b9,user7@bank,2025-04-15T09:15:30.026904,3858.36,Mumbai,legit
86c1a2d2-54c6-4d78-a9d9-91103b795958,user38@bank,2025-04-21T02:15:30.027901,3191.33,Delhi,legit
230ec8d5-12b8-442c-a55e-934bf012381f,user64@bank,2025-04-20T21:43:30.027901,217.93,Mumbai,legit
556b4d61-ba4a-40e5-8a78-420bde171fea,user51@bank,2025-04-17T02:01:30.027901,1255.67,Chennai,legit
a8e477e3-caad-401a-9d40-167810b4b6ff,user92@bank,2025-04-17T10:18:30.027901,4444.85,Mumbai,legit
d614cdca-30bb-4dd6-9476-552c48bcc118,user54@bank,2025-04-15T15:00:30.027901,814.1,Mumbai,legit
a1e7ed38-bb55-4c72-8f54-1a441c876b4f,user81@bank,2025-04-17T10:28:30.027901,501.48,Chennai,fraud
51b91942-9b17-4286-b60c-82203acd701a,user50@bank,2025-04-21T03:15:30.027901,2197.81,Delhi,legit
2dc894c9-5265-4132-a786-8a9e381c7c52,user44@bank,2025-04-19T18:01:30.027901,1925.44,Mumbai,legit
79423f6e-81bc-4a3b-ab66-ecd00a0fdb9f,user44@bank,2025-04-16T16:16:30.027901,2659.28,Chennai,legit
fc4a5858-fd76-42e4-aa47-49167ccb7120,user47@bank,2025-04-17T00:00:30.027901,2517.46,Delhi,legit
6c905f48-ea71-4a9f-8027-fa908f81d72c,user18@bank,2025-04-15T10:32:30.027901,4730.84,Chennai,legit
648b3197-cbd3-4590-9368-6f44805abdf9,user52@bank,2025-04-18T02:44:30.027901,3209.53,Chennai,legit
3ea6b590-0b64-4ed8-b3e3-698696b0ba44,user1@bank,2025-04-15T00:17:30.027901,1014.44,Delhi,legit
101e831e-6db4-42e8-b380-e3d9795f9138,user52@bank,2025-04-17T20:05:30.027901,478.12,Delhi,legit
422dd751-d30c-4216-afb8-a6dd030bbe5b,user75@bank,2025-04-20T22:12:30.027901,4348.71,Delhi,legit
ed3cbea6-3276-40a8-84a3-b1e5e450fd5d,user53@bank,2025-04-15T08:55:30.027901,237.59,Delhi,legit
9bb06d3d-8fa6-401e-a4b2-a74f028a7ce4,user16@bank,2025-04-19T03:54:30.027901,4009.64,Chennai,fraud
56afb131-45e9-4948-95de-d90dbcd9372f,user85@bank,2025-04-18T18:14:30.027901,2509.25,Delhi,legit
f826010e-cd65-4a37-b84f-928271b5889b,user8@bank,2025-04-21T03:31:30.027901,2425.44,Chennai,legit
2cda9c66-b0e2-4d71-af69-e9a8ca0d8cb6,user80@bank,2025-04-18T13:40:30.027901,4666.76,Mumbai,legit
526a16f3-5499-4956-a84d-ba26c8a84730,user87@bank,2025-04-20T01:00:30.027901,761.99,Delhi,legit
786e6003-7ba4-4c6e-83f4-8aef32ffaa66,user43@bank,2025-04-18T14:09:30.027901,2550.06,Mumbai,legit
414c9c42-7c39-4db3-8ab4-63464a8d03e6,user62@bank,2025-04-21T00:08:30.027901,2980.34,Mumbai,legit
71fb78fa-1843-4d4b-a52b-5ca9d391ee01,user19@bank,2025-04-17T19:41:30.027901,811.68,Delhi,legit
8797b5c0-fae6-4634-b7a5-762c11301845,user98@bank,2025-04-16T20:32:30.027901,2089.03,Chennai,legit
85fd7e2e-0206-476e-983d-11b22c51af61,user12@bank,2025-04-16T14:52:30.027901,3916.32,Chennai,legit
ef50ad31-b35c-40a9-bc65-edcfc67ad465,user100@bank,2025-04-15T08:07:30.027901,2710.84,Mumbai,legit
c769a88e-d63b-4a3a-9d3c-56926e16d0b3,user77@bank,2025-04-19T15:24:30.027901,1291.84,Mumbai,fraud
4df89601-1db1-4348-9b54-1e51c8c46bfd,user90@bank,2025-04-17T06:18:30.027901,2301.07,Mumbai,legit
b825704b-1737-4f09-a876-a7c2e2108b5c,user53@bank,2025-04-15T11:55:30.027901,3843.37,Mumbai,legit
6a9dc726-9ceb-408b-9ef8-1f9f39f170b5,user5@bank,2025-04-18T19:42:30.028899,981.0,Mumbai,legit
2fa3af9c-1744-4853-b691-8dca5a824654,user79@bank,2025-04-15T03:46:30.028899,4259.0,Delhi,fraud
ada53f9b-bbf8-465d-8e81-ca867839227a,user86@bank,2025-04-15T09:29:30.028899,1403.82,Delhi,legit
81f493b1-7ed7-445c-96b9-cd3299c23ee8,user82@bank,2025-04-20T19:54:30.028899,2800.51,Mumbai,legit
a7761f73-69a8-4836-86da-37efc9cd6500,user14@bank,2025-04-20T22:47:30.028899,3434.9,Delhi,legit
b46f326b-c294-497b-ac02-7ca1d71e2ae9,user56@bank,2025-04-16T00:31:30.028899,2266.05,Chennai,legit
269a8d50-2bc1-4d32-988c-04e20b53f825,user77@bank,2025-04-14T20:47:30.028899,2166.03,Delhi,legit
d41fcae1-01d9-4c84-a721-75a125ce1c43,user73@bank,2025-04-20T22:51:30.028899,4319.55,Delhi,legit
d334371e-87c9-472d-9120-2683574fcc61,user37@bank,2025-04-19T14:10:30.028899,4531.46,Chennai,legit
117149a4-4220-4eba-9e48-468d7627d89e,user24@bank,2025-04-19T06:38:30.028899,3245.61,Chennai,legit
7ff5a71c-6986-44fe-b2e6-0cab6fed6714,user8@bank,2025-04-17T05:07:30.028899,377.99,Delhi,fraud
410c8f57-cf4f-405b-959f-254b6450ba47,user8@bank,2025-04-18T13:50:30.028899,2003.14,Chennai,legit
4c5204f4-3881-441f-938f-749f569cb01d,user96@bank,2025-04-17T18:20:30.028899,4670.13,Delhi,legit
7c4a5759-3dff-4a93-a699-cf81ae09efa8,user87@bank,2025-04-15T15:41:30.028899,4050.54,Delhi,legit
550b3fd2-b1f8-4eff-8c95-22ba171dec4c,user67@bank,2025-04-16T22:07:30.028899,4429.8,Chennai,legit
c55506b0-6962-4c87-8b6e-2e095890493f,user65@bank,2025-04-21T04:09:30.028899,1358.85,Chennai,legit
59e902cb-34a9-4138-8209-b70d76e7ad15,user63@bank,2025-04-17T13:02:30.028899,3242.64,Chennai,legit
31c7309e-405c-44b6-b97b-5d642e3aeb9a,user98@bank,2025-04-15T19:05:30.028899,44.41,Chennai,fraud
7b2d6454-a29f-47cd-9a90-c66e8ec99572,user43@bank,2025-04-20T22:49:30.028899,1437.54,Delhi,legit
bbaf1176-249e-4268-a61b-f1d7127ebbfa,user86@bank,2025-04-20T13:13:30.028899,279.24,Chennai,legit
8ce3a09a-0d52-4007-8439-0267cd085b06,user76@bank,2025-04-16T16:41:30.028899,2948.96,Chennai,legit
27716119-2589-4f96-acdf-634e06097ce2,user13@bank,2025-04-20T00:06:30.028899,4475.81,Delhi,legit
2db2f0d8-f2d4-467e-8ea3-0f3daa3c6cad,user92@bank,2025-04-17T00:58:30.028899,1686.21,Chennai,legit
766cd6eb-ecc8-472f-9b80-1a8e2d035b9b,user6@bank,2025-04-18T10:30:30.028899,1552.3,Delhi,fraud
eaa64bec-4c29-4370-9ad9-128206fe61d6,user95@bank,2025-04-18T07:31:30.028899,2190.35,Mumbai,legit
ef9cd997-3432-480e-a96a-b5c82f804696,user88@bank,2025-04-19T23:59:30.028899,3590.68,Delhi,legit
a3978750-0171-4df0-a9bf-22b173b5dbba,user85@bank,2025-04-19T18:31:30.028899,315.45,Chennai,legit
a88b1bf1-4289-4d48-8f4f-30b5261c176d,user2@bank,2025-04-18T21:50:30.028899,922.17,Mumbai,legit
ff85a142-032b-40c3-9c3c-2333479638e9,user89@bank,2025-04-21T12:41:30.028899,3946.96,Chennai,legit
29366322-c022-46f9-b07f-90ff25a7a0ac,user88@bank,2025-04-15T04:42:30.028899,4818.28,Mumbai,legit
e86b8c75-3a98-4924-88a1-0dd23064639e,user21@bank,2025-04-20T17:58:30.028899,1084.09,Mumbai,legit
b38c0f38-d070-411c-9f36-ae79574737d3,user3@bank,2025-04-19T16:41:30.028899,4882.15,Mumbai,legit
6ed42104-2f01-43f6-990b-7492c6ddf9ee,user60@bank,2025-04-19T08:26:30.028899,1698.77,Delhi,legit
f6e10309-94c2-4283-a297-bc5189aa3079,user26@bank,2025-04-18T07:45:30.028899,1730.61,Delhi,legit
414a254b-3389-4a35-8b5a-528431200cd8,user90@bank,2025-04-15T23:35:30.028899,4436.88,Chennai,legit
059f4eaf-f832-4d29-a9d3-48d9692e9ff2,user18@bank,2025-04-17T08:41:30.028899,2264.46,Mumbai,legit
b874f2c8-93a0-4f13-a250-81744acf8b83,user16@bank,2025-04-17T22:24:30.028899,4930.27,Chennai,legit
69c0776d-8ffd-4b2d-8278-4e7895018f24,user47@bank,2025-04-15T16:38:30.028899,291.25,Chennai,legit
605e10aa-1a7b-4540-937f-4c73a89c0247,user40@bank,2025-04-20T11:51:30.028899,1448.09,Delhi,legit
1b36be95-eb31-4cc5-8dae-44a47e8c6a78,user4@bank,2025-04-20T00:47:30.028899,1541.5,Mumbai,legit
1acba666-0a94-43b8-a9e4-fd92c888f443,user61@bank,2025-04-16T05:35:30.028899,4516.73,Mumbai,legit
c83871f4-5603-4faf-87ea-ef1304fdb990,user79@bank,2025-04-18T12:34:30.028899,216.62,Chennai,legit
4d956baa-3d62-4411-98a3-2897e1b88021,user82@bank,2025-04-18T09:50:30.028899,1197.75,Chennai,legit
b41e9291-edab-48d8-b98b-66a62dc9e1b0,user21@bank,2025-04-17T00:18:30.028899,71.54,Chennai,legit
55639c3b-525b-4e18-8625-dd4b38fea125,user27@bank,2025-04-20T02:41:30.028899,3827.19,Delhi,legit
2068c2c1-33c7-484b-b39e-9542396f35db,user40@bank,2025-04-15T07:48:30.030407,2455.34,Delhi,legit
5750fe9d-cf4d-41f4-b90f-875c5945d5e8,user35@bank,2025-04-17T17:30:30.030407,4499.5,Chennai,legit
886e832b-7dcc-4a3b-9703-ea6c0e2d17c7,user59@bank,2025-04-16T09:32:30.030407,2770.6,Chennai,legit
4ab0d897-22b9-4067-9e65-70a35260cadf,user9@bank,2025-04-18T15:56:30.030407,4530.83,Mumbai,legit
ed781ace-c71a-4bc6-b2bd-1a0129127a50,user98@bank,2025-04-17T13:09:30.030407,4073.21,Chennai,legit
729a22d6-d9bc-4da8-b394-a86f0720c671,user55@bank,2025-04-17T01:44:30.030407,4043.56,Chennai,legit
4d9f60fb-5d55-4db9-8c8d-7e4d63497575,user36@bank,2025-04-14T20:09:30.030407,507.98,Chennai,legit
5d5bc96d-a975-45b3-af59-61b1e0084ebf,user34@bank,2025-04-18T10:55:30.030407,4389.81,Chennai,fraud
d803b4f1-f280-4376-a459-d55c6e950b26,user87@bank,2025-04-20T16:01:30.030407,1792.75,Chennai,legit
c757601c-5baf-4a65-aa3d-021e4bc2b563,user64@bank,2025-04-15T14:25:30.030407,1611.76,Delhi,legit
f880ebc5-03ad-4666-be37-a425a6a0b339,user59@bank,2025-04-14T22:06:30.030407,4739.57,Mumbai,legit
83720480-b565-4f32-9524-4fe34aac5a52,user39@bank,2025-04-17T04:47:30.030407,154.59,Mumbai,legit
8dc538dd-dfb3-4170-b47b-710fdb798192,user19@bank,2025-04-20T14:24:30.030407,1958.25,Mumbai,fraud
9db2fd60-0294-4d34-93a8-6a9e31677447,user50@bank,2025-04-15T12:40:30.030922,1801.73,Chennai,legit
82f302fe-efb0-4b37-8f15-d447e64a8716,user17@bank,2025-04-18T10:33:30.030922,4609.04,Mumbai,legit
c62ff26f-24de-4bde-9b1b-0d352a3e084e,user26@bank,2025-04-20T12:43:30.030922,466.41,Mumbai,legit
379d89de-d8fe-4a43-8b37-2c0c2a631168,user61@bank,2025-04-19T09:06:30.030922,1243.6,Delhi,legit
1ac87ef4-1cbd-4180-a767-13ff2a753e58,user86@bank,2025-04-20T01:25:30.030922,2983.14,Mumbai,legit
0df05446-93f5-4f8b-a420-9fbf85ed139e,user8@bank,2025-04-16T21:39:30.030922,1091.09,Mumbai,legit
69ae1fbf-f9e3-429e-94a9-9f22c6f1b5e3,user93@bank,2025-04-16T03:06:30.030922,4833.88,Delhi,legit
d2f27837-b26b-4866-a6d7-416e8c422e62,user46@bank,2025-04-20T20:40:30.030922,2090.68,Chennai,legit
132f2a9e-4352-4503-8333-793c16888f6c,user85@bank,2025-04-20T10:05:30.030922,4930.2,Delhi,legit
afe4ef46-66b3-415e-a856-82cae1d30867,user50@bank,2025-04-17T23:06:30.030922,1098.41,Chennai,legit
bd9d1e26-8f5f-4162-b63b-c392eccead12,user3@bank,2025-04-15T22:03:30.030922,4520.83,Chennai,legit
8d521130-2cd3-462d-b347-ab127ec904dc,user54@bank,2025-04-16T06:32:30.030922,2676.32,Mumbai,legit
2bdbe34a-f854-46e1-add3-0d8792f77426,user43@bank,2025-04-17T15:46:30.030922,3160.25,Chennai,legit
66d23dc4-104f-465c-bcde-80073af880dc,user46@bank,2025-04-18T11:20:30.030922,4426.47,Chennai,legit
ac460c6d-07e5-4104-85a8-9feda5af20e5,user30@bank,2025-04-14T18:31:30.030922,1412.87,Chennai,legit
91738184-833f-4227-90e1-c1a4e53807a5,user47@bank,2025-04-16T01:05:30.030922,1497.09,Mumbai,legit
15de092b-2be8-4266-bdf9-841653346366,user91@bank,2025-04-17T14:50:30.030922,1117.8,Mumbai,legit
faeed9f7-8dd1-4727-8623-11edf61f8a02,user5@bank,2025-04-16T21:14:30.030922,1495.34,Chennai,legit
5994d32c-221f-458c-9a30-2791f3b4cff5,user18@bank,2025-04-18T03:23:30.030922,4130.61,Delhi,fraud
6e65bdfb-ae82-4911-929f-50b9c8ef1135,user100@bank,2025-04-16T03:27:30.030922,2795.44,Delhi,legit
2dbe781f-e19a-4ac9-97f6-1a8891236754,user88@bank,2025-04-19T15:25:30.030922,3036.15,Delhi,legit
fc6231bc-f2eb-412e-a312-4b3703af7da3,user70@bank,2025-04-20T16:46:30.030922,402.64,Mumbai,legit
bbb1af00-276c-4fc8-838f-7cc51683d99d,user90@bank,2025-04-16T23:19:30.030922,1226.55,Delhi,legit
e820c534-f4a7-41b1-8c28-5547b1d02399,user1@bank,2025-04-15T19:37:30.030922,1606.84,Delhi,legit
2be7b460-940b-43c7-9805-d16838119c01,user14@bank,2025-04-19T01:46:30.030922,1255.83,Mumbai,legit
c4db1a2e-dee5-4c9c-96ca-0d4444481acf,user92@bank,2025-04-19T20:54:30.030922,3950.26,Mumbai,legit
8839b67a-2c2d-4ffa-90d6-e44907062b7e,user47@bank,2025-04-20T15:31:30.030922,4558.25,Delhi,legit
dff879c7-7c5f-408b-9a96-85b5c0210922,user77@bank,2025-04-19T20:44:30.030922,741.08,Mumbai,legit
2a32085e-9475-432f-96a7-bb33de6fec88,user68@bank,2025-04-14T15:34:30.030922,374.79,Delhi,legit
ec3f85a1-7427-4d91-983e-3dd08f8b103f,user38@bank,2025-04-20T11:39:30.030922,2141.44,Mumbai,legit
a5d08488-3568-43f6-89d0-937effff9e83,user32@bank,2025-04-19T00:33:30.030922,1504.47,Mumbai,legit
0edd1c0f-bed1-49e4-b972-4581bc4eff5e,user71@bank,2025-04-20T19:54:30.031934,3119.31,Mumbai,fraud
9ff6406e-4b2f-4a60-89ce-9f75806f079e,user28@bank,2025-04-20T04:15:30.031934,2452.37,Chennai,legit
456c9a0f-d745-4e0d-bde0-af49068e2823,user98@bank,2025-04-19T03:22:30.031934,1758.51,Mumbai,legit
c5aedfea-bdb8-4ef0-a9bf-0ad7d150b2ba,user90@bank,2025-04-20T09:31:30.031934,2014.23,Chennai,legit
5c38a8a0-b6b0-4b41-bde5-5937eb84b6a9,user44@bank,2025-04-16T03:31:30.031934,3249.3,Delhi,legit
965f4662-b640-4a76-a29c-e42b2cda447a,user35@bank,2025-04-16T15:06:30.031934,3607.19,Mumbai,legit
a6612a34-4969-489d-8b00-bf8d1bbd9d9e,user91@bank,2025-04-18T00:24:30.031934,892.85,Chennai,legit
5be58ed3-08e2-4e54-8c9c-a14f82466a60,user49@bank,2025-04-15T11:27:30.031934,805.36,Chennai,legit
210677a2-504a-4154-ac7e-6a57aedecb5a,user43@bank,2025-04-18T06:54:30.031934,813.22,Delhi,legit
ac1eff77-010b-46eb-987f-55a153ffc11b,user95@bank,2025-04-16T00:51:30.031934,2337.47,Mumbai,legit
3bf0b0ab-fe7f-4e3d-809b-b14db517cae9,user54@bank,2025-04-18T03:33:30.031934,3105.76,Mumbai,legit
607e92a4-212a-4b79-b6c1-8d5826642abc,user9@bank,2025-04-17T17:51:30.031934,3513.4,Chennai,legit
24214329-eb0e-4015-8820-b94eee7f1642,user83@bank,2025-04-19T23:07:30.031934,3625.55,Delhi,legit
5407ae74-b7b7-4f93-8b41-067cf0b19fe1,user27@bank,2025-04-18T01:44:30.031934,1788.41,Delhi,legit
eadd6f28-5fd1-40c9-b226-aaebe09e3f72,user75@bank,2025-04-17T13:54:30.031934,3994.56,Mumbai,legit
e08cfc5c-8fbd-48f8-98c7-7e0e183ec55e,user39@bank,2025-04-21T03:27:30.031934,4887.29,Mumbai,legit
4f7a76f0-2454-449c-b7a7-985037e1f985,user94@bank,2025-04-18T22:32:30.031934,3378.13,Chennai,legit
541aa1e3-55bc-4b5d-a472-934472e89d57,user90@bank,2025-04-19T00:43:30.031934,4714.62,Mumbai,legit
355ad693-4ee0-4618-9750-fbc5ae157873,user76@bank,2025-04-16T16:10:30.031934,26.6,Delhi,legit
98dcf790-d9c2-48cc-bd32-7469f99aee97,user31@bank,2025-04-18T18:57:30.031934,1900.33,Delhi,legit
2eb9126d-0293-4796-8ffc-5174e4894be1,user84@bank,2025-04-15T22:23:30.031934,275.12,Delhi,legit
84678c5e-871d-4962-923b-34db0353196c,user58@bank,2025-04-19T13:30:30.031934,1628.4,Chennai,legit
90039426-072a-4cb0-9151-3187cd72eaae,user89@bank,2025-04-20T20:34:30.032674,1986.06,Chennai,legit
386c51f0-970c-4771-a1f7-fc2c71bf2d41,user52@bank,2025-04-15T12:19:30.032674,890.48,Chennai,legit
696a2d9e-e7e6-49e8-b566-09ca558b733a,user16@bank,2025-04-16T03:15:30.032674,58.57,Chennai,legit
af3ccaf9-7d50-4898-907b-1f9e5f9bd55d,user56@bank,2025-04-19T19:15:30.032674,2505.19,Chennai,legit
4d27050e-9808-4b5a-9c58-9ef2e4670f99,user95@bank,2025-04-21T13:52:30.032674,585.85,Chennai,legit
b92783f2-6503-4fa6-b6fc-e09659ff10ad,user18@bank,2025-04-21T10:41:30.032674,3358.22,Delhi,legit
1c3a3ffb-94c3-4b0d-87f2-527904952b36,user95@bank,2025-04-15T14:39:30.032674,2398.62,Chennai,legit
9c666f4f-3107-4a8d-9750-00ae576a1a23,user59@bank,2025-04-16T12:47:30.032674,1504.8,Mumbai,fraud
61be90bd-4505-4b8d-8990-e2b60f604b5c,user30@bank,2025-04-18T21:17:30.032674,3233.79,Chennai,legit
fb7c4326-4843-49cb-a141-67d199f74f83,user37@bank,2025-04-17T17:19:30.032674,1194.25,Chennai,legit
1b370c15-d8b4-4fda-911a-d4d4528d970b,user35@bank,2025-04-21T10:32:30.032674,1004.13,Delhi,legit
ce798a0b-fda4-4c10-b4e6-f3614df235fc,user12@bank,2025-04-19T01:08:30.032674,1268.98,Delhi,legit
df15d1ee-0e97-4ca0-823e-d99c4c3b957e,user57@bank,2025-04-19T02:25:30.032674,2206.56,Mumbai,legit
7334c8ec-8efe-42bc-9eec-2429bd4cd0a9,user20@bank,2025-04-19T01:17:30.032674,1968.02,Chennai,legit
4b1af9bd-3732-47dc-a5d5-9b8036626327,user63@bank,2025-04-15T02:48:30.032674,4974.95,Mumbai,legit
981768ae-5911-4f6e-9b1f-9d780abe41db,user18@bank,2025-04-18T16:31:30.032674,2487.13,Delhi,legit
6deb6c4a-c6bc-4e6a-a6e9-1c12cbf1ec4c,user64@bank,2025-04-17T20:05:30.032674,1822.04,Mumbai,legit
9ebde006-392e-432a-965f-7c86b0c61bcf,user46@bank,2025-04-14T16:08:30.032674,764.16,Mumbai,legit
a3930010-8ec2-46ad-bc9c-fd22e3dd0934,user40@bank,2025-04-19T11:35:30.032674,3781.36,Delhi,legit
1d363c12-ad11-4251-b109-4616b473de27,user15@bank,2025-04-16T04:57:30.032674,4567.43,Delhi,legit
91bffc72-0bff-4328-9db1-b0990943b31e,user14@bank,2025-04-19T00:32:30.032674,2879.19,Mumbai,legit
1f7c6bcb-25d0-47b9-b290-6829c15ea8af,user43@bank,2025-04-17T14:51:30.032674,3025.78,Delhi,legit
bf53277f-8d52-41c2-8326-0ded0024f6ab,user33@bank,2025-04-14T16:05:30.032674,3494.63,Chennai,legit
1b96c341-49ba-44e9-a20c-74b2c811ff0e,user61@bank,2025-04-20T10:22:30.032674,3377.53,Mumbai,legit
fa73c172-a545-4d3d-8697-afbccf0d619f,user27@bank,2025-04-20T05:26:30.032674,4651.73,Mumbai,legit
c7869405-7b10-4299-9bca-eba2f5856a4f,user3@bank,2025-04-18T17:45:30.032674,2596.48,Chennai,legit
931026fd-b7d8-42e7-8f60-745c4ca75d5e,user80@bank,2025-04-17T22:39:30.033686,4196.42,Mumbai,legit
2273d007-c88c-4835-b55a-d2e63bc054e2,user1@bank,2025-04-16T10:27:30.033686,619.83,Mumbai,legit
cbad272d-0b49-42d8-abb3-f939067a49dc,user5@bank,2025-04-20T00:15:30.033686,66.15,Delhi,legit
e00df088-9cae-4eee-bdc0-ebe71cd107d1,user69@bank,2025-04-15T09:48:30.033686,2091.28,Chennai,legit
28d61017-23af-4bef-99dd-316dfb4f7692,user77@bank,2025-04-20T04:30:30.033686,4047.56,Chennai,legit
d91ca53c-09b1-430d-8f2d-65a2605a801f,user71@bank,2025-04-16T22:22:30.033686,1370.07,Chennai,legit
608a7eab-c37b-4894-86bd-3b30f6bb2a84,user59@bank,2025-04-16T23:19:30.033686,4870.37,Mumbai,legit
8cdd163b-d91c-444e-afdc-bba088efc4dc,user83@bank,2025-04-17T00:02:30.033686,1534.11,Mumbai,legit
cb018f58-57d2-4af3-81ec-05c3be8a25e8,user58@bank,2025-04-20T21:33:30.033686,4381.14,Chennai,legit
55eefeef-3a1d-4d0b-8f11-eee17f9a1d5f,user81@bank,2025-04-21T06:08:30.033686,3540.18,Mumbai,legit
a36a9f36-ae2a-4eb0-955b-d2b9602e9e10,user92@bank,2025-04-17T05:57:30.033686,4710.43,Delhi,legit
302f769c-bcf0-46f5-8aba-7b01464a2f84,user39@bank,2025-04-15T13:00:30.033686,4347.8,Mumbai,legit
0724836c-3319-4b88-b56b-b38ec780aad1,user12@bank,2025-04-21T08:52:30.033686,2961.2,Delhi,legit
27d1b312-9dd9-4399-bd46-947652832c81,user81@bank,2025-04-14T18:25:30.033686,2493.81,Mumbai,legit
1c13ff01-b860-433c-bc76-9aef9df22ed0,user32@bank,2025-04-18T01:19:30.033686,2371.14,Mumbai,legit
76cdd8dd-2b27-447a-8a50-bb1e99a8e50b,user15@bank,2025-04-16T07:19:30.033686,4560.62,Chennai,legit
078f11e7-ce66-429c-84dd-bb07e93a974f,user33@bank,2025-04-16T20:53:30.033686,4688.2,Chennai,legit
4c083e9b-67e7-48ec-bab6-a774f8563c25,user67@bank,2025-04-19T02:45:30.033686,3884.08,Chennai,legit
ba5a62dd-55b7-410d-9dfa-be470a164962,user62@bank,2025-04-17T08:54:30.033686,4521.98,Chennai,legit
01fd19c4-8ded-4494-a50b-12a1a03aeb6e,user98@bank,2025-04-21T02:17:30.033686,4636.08,Delhi,legit
e0d2db65-c06f-48b2-a311-6bf2d2661012,user29@bank,2025-04-21T07:23:30.033686,3976.69,Chennai,legit
0d3f090e-c111-405f-87db-99a2d639c3ed,user52@bank,2025-04-15T08:04:30.033686,3459.25,Delhi,legit
9a772496-47a3-408a-9556-6c0b15fcd90b,user11@bank,2025-04-18T08:12:30.033686,1672.74,Mumbai,legit
a6046592-bc5f-4084-a986-6feea1532e7f,user67@bank,2025-04-15T15:19:30.033686,138.0,Delhi,legit
76e75539-64ca-4ca4-a952-854536910375,user89@bank,2025-04-20T12:00:30.033686,1323.68,Chennai,legit
4bd210cc-fd96-40f3-b64b-5e9dc1502aff,user40@bank,2025-04-17T09:04:30.033686,1663.11,Mumbai,legit
ceb746ba-1f12-425a-8859-d2622c1a87db,user54@bank,2025-04-18T16:15:30.033686,106.3,Delhi,legit
8e0b5521-4b0e-4610-8bf9-c0fa0afaf269,user80@bank,2025-04-18T09:43:30.033686,1048.13,Delhi,legit
8addcf05-2846-4aeb-9ee3-214928cf1340,user55@bank,2025-04-16T11:09:30.033686,375.74,Chennai,legit
9def0db5-d3e5-4ace-9768-d40dfe8e6ca8,user43@bank,2025-04-21T00:20:30.034683,973.66,Delhi,legit
d3d7b783-e489-46d4-9b95-82c1eff37570,user6@bank,2025-04-19T05:30:30.034683,1904.87,Chennai,legit
0709933e-dbd6-47e1-b39a-f2344223ff4d,user49@bank,2025-04-21T01:28:30.034683,177.98,Mumbai,legit
f7e82563-3830-483d-879e-cab290346305,user25@bank,2025-04-19T17:10:30.034683,3753.77,Chennai,legit
5405bc82-4f31-436d-ae1c-81f9e88b6974,user50@bank,2025-04-21T00:59:30.034683,4635.58,Chennai,legit
89f36d56-4821-4167-a598-e026c66a5729,user87@bank,2025-04-17T06:23:30.034683,4325.09,Chennai,legit
8e24e26f-ec37-4852-b5ed-167008090299,user3@bank,2025-04-20T15:37:30.034683,4849.5,Mumbai,legit
7f500c9e-3864-499b-8330-9db872d02f2a,user73@bank,2025-04-21T08:24:30.034683,3060.3,Mumbai,legit
8f0979a6-f27c-40a7-b55e-8c61438b8fe7,user12@bank,2025-04-21T12:15:30.034683,2881.79,Chennai,legit
23e412fe-63fc-40bd-8a2e-84391b955a85,user58@bank,2025-04-15T03:12:30.034683,206.65,Chennai,legit
a71f6fa6-be37-4289-8503-f1b64c72bec1,user86@bank,2025-04-19T23:33:30.034683,2718.14,Delhi,fraud
0759e912-d003-4c9a-b901-e578435f6c5d,user37@bank,2025-04-19T10:45:30.034683,1095.04,Mumbai,legit
aa2a208f-b87a-4039-a7f2-966ac80ee523,user44@bank,2025-04-18T10:42:30.034683,3189.99,Delhi,legit
972ca753-7a6a-4b47-9c6e-96eb68321b29,user75@bank,2025-04-20T08:28:30.034683,3480.91,Delhi,legit
12f6edcb-5725-4672-8bfd-444b7fca75f8,user49@bank,2025-04-18T05:33:30.034683,2655.3,Mumbai,legit
a2ef4d05-3171-40bc-a60d-6c8d59808ad0,user18@bank,2025-04-19T05:29:30.034683,4289.08,Mumbai,legit
f86f602c-dbcf-4c6e-b2b3-2e41c0de0003,user20@bank,2025-04-16T15:04:30.034683,4974.58,Chennai,legit
1be4f39c-3588-4602-a765-10caad36b2a3,user73@bank,2025-04-20T15:16:30.034683,2313.74,Chennai,legit
5b50cf0c-26bd-4619-b241-56e5d14ac695,user65@bank,2025-04-17T02:54:30.034683,3476.13,Mumbai,legit
4233c278-d416-4775-80d6-80709f912de7,user12@bank,2025-04-21T10:17:30.034683,1531.61,Delhi,legit
7553ebb3-ff4a-460f-8261-9987dd4afa72,user82@bank,2025-04-16T18:16:30.034683,1267.73,Delhi,legit
c4a0e23f-e4c0-4d34-bfa6-923e9b400575,user34@bank,2025-04-14T17:23:30.034683,2730.4,Mumbai,fraud
7a8c294d-4fae-452c-ae42-f857fc20913a,user58@bank,2025-04-17T21:31:30.034683,1787.27,Mumbai,legit
e828c7de-6771-4031-9009-92f8447023c2,user4@bank,2025-04-14T18:45:30.034683,356.98,Chennai,legit
2e59ef91-7702-41be-921a-f0cdae421aa5,user73@bank,2025-04-18T17:36:30.034683,4322.97,Delhi,fraud
c4df92f3-b739-4cdb-802a-61938e4711dd,user49@bank,2025-04-20T01:57:30.034683,4571.21,Chennai,legit
8eb6678f-b4ff-4177-80b1-dd6f6639c148,user61@bank,2025-04-18T06:23:30.034683,4969.26,Chennai,legit
736d3830-d71c-4732-8b5d-6625ed424165,user43@bank,2025-04-15T20:06:30.034683,3241.28,Delhi,legit
4f5029a8-99e9-4588-9ea3-3974974428f7,user72@bank,2025-04-17T14:17:30.034683,4234.98,Mumbai,legit
3bba7b16-352a-4fc4-a4c1-13d5eaa37924,user12@bank,2025-04-20T12:37:30.034683,4028.27,Chennai,legit
4eb4e9b0-f68c-4e80-ba92-0a2818708ed5,user88@bank,2025-04-15T21:18:30.035681,1166.27,Delhi,legit
c3785c36-cb98-4c8e-a7aa-4eb3f328f893,user45@bank,2025-04-21T00:59:30.035681,219.07,Chennai,legit
a717285b-974e-42eb-9909-2dbdc582b667,user86@bank,2025-04-14T23:40:30.035681,2666.69,Mumbai,legit
30e22cb3-5865-4198-ae15-1b6b3b5f87a0,user40@bank,2025-04-20T00:57:30.035681,952.47,Mumbai,legit
f1715988-9640-4421-9cd6-4c19ea5919b3,user59@bank,2025-04-17T01:25:30.035681,2667.73,Mumbai,legit
822268e3-8d40-4b99-8425-83936666faef,user33@bank,2025-04-18T22:01:30.035681,21.24,Mumbai,legit
867bac2e-9ce3-43d1-aec4-6b54c8435c6b,user36@bank,2025-04-19T00:43:30.035681,737.6,Delhi,legit
edca12dd-fcdc-4bc5-ab61-b1fe34d8e729,user71@bank,2025-04-16T16:50:30.035681,491.51,Delhi,legit
d171a630-8c4e-47a0-93cc-a7e5072dbadf,user99@bank,2025-04-16T03:38:30.035681,2252.05,Chennai,legit
eedfb340-fb5a-4bd7-995c-39a7159451fe,user44@bank,2025-04-17T12:18:30.035681,3208.18,Chennai,legit
0b133ec8-8ee9-43b0-bc71-8e64418dce75,user81@bank,2025-04-20T11:41:30.035681,3399.49,Chennai,legit
cafd74ca-460c-4a6d-b192-f8bcdb69e8e3,user99@bank,2025-04-16T16:51:30.035681,1162.43,Delhi,legit
20c1cc2f-e3cc-4827-8cd9-9d51fcf41a39,user83@bank,2025-04-20T14:43:30.035681,84.96,Chennai,legit
51206d7e-0724-4293-9d59-4e9bcdf8f472,user26@bank,2025-04-18T15:40:30.035681,4231.84,Mumbai,legit
ce225868-480c-4a15-a949-8b30147b38cc,user89@bank,2025-04-15T12:52:30.035681,3639.36,Mumbai,legit
96a86893-91b6-4d92-a693-9aba172e83f2,user36@bank,2025-04-20T23:30:30.035681,1762.19,Chennai,legit
7781dffa-64c8-4764-9571-2099e7c91b81,user28@bank,2025-04-19T03:21:30.035681,1748.01,Mumbai,legit
c7073f4a-06b0-4954-bd72-2ef4295df6bf,user78@bank,2025-04-20T22:05:30.035681,4096.82,Mumbai,legit
44593cc0-5fe1-4d50-8be8-b94f4bf1b9e3,user28@bank,2025-04-20T05:04:30.035681,4189.99,Chennai,legit
f9e4c4ea-4c9c-41c6-9901-2d7baec5d4c0,user68@bank,2025-04-21T02:28:30.035681,2893.78,Mumbai,legit
3639f8fa-ecf9-464c-86a7-51dd0ea65a35,user70@bank,2025-04-17T09:49:30.035681,3254.78,Mumbai,legit
f220cc47-2111-4f3c-9da1-5a7915caec42,user68@bank,2025-04-18T07:03:30.035681,3755.26,Delhi,legit
13fd6bdd-8144-48a9-adf4-b49768e37caf,user16@bank,2025-04-19T12:39:30.035681,3907.84,Delhi,legit
581fbd54-5d24-439c-887c-86a7c8415184,user7@bank,2025-04-18T17:02:30.035681,14.57,Chennai,legit
6c6dbd49-357f-4a48-8826-93b03216016a,user98@bank,2025-04-20T21:14:30.035681,3778.71,Delhi,legit
99917413-d24a-48c2-9d01-ffdd3ba571ef,user37@bank,2025-04-16T22:17:30.035681,2026.02,Chennai,legit
0036782f-225d-4df3-b34c-91dd6a46a10d,user5@bank,2025-04-20T16:33:30.035681,504.68,Chennai,legit
d27883bd-b004-4088-b287-7d187b8dd370,user93@bank,2025-04-19T17:18:30.036678,1723.43,Mumbai,legit
ab7d543a-1667-4a2e-8391-25cc0f174575,user52@bank,2025-04-19T10:46:30.036678,491.53,Mumbai,legit
659396ed-b295-4692-b075-fc7f7eb23cab,user90@bank,2025-04-15T15:07:30.036678,4024.89,Mumbai,legit
f06069a0-3d27-46c3-9f4f-326b6495ebd0,user9@bank,2025-04-20T00:48:30.036678,14.43,Mumbai,legit
9a0ed0dd-6111-4191-bdc5-c075b837c295,user83@bank,2025-04-15T08:47:30.036678,699.94,Mumbai,legit
914b0e5a-4cfe-41a8-b106-96e38889f7ba,user66@bank,2025-04-15T07:21:30.036678,3957.41,Chennai,legit
e8505178-e14e-4a89-a1db-b8c7f65561a9,user59@bank,2025-04-20T19:26:30.036678,4065.61,Delhi,legit
4c7d6620-7acb-4f6d-aeb5-4ea2f8ee3a33,user19@bank,2025-04-21T08:18:30.036678,1083.36,Mumbai,legit
f719ee3b-eb6a-4586-acad-bb5c38ea3519,user69@bank,2025-04-16T16:41:30.036678,1119.8,Chennai,legit
43ebf0d4-ebfb-48cb-82e8-6a3769ccfaae,user3@bank,2025-04-18T22:22:30.036678,2530.28,Delhi,legit
80ffb9ac-ab75-4ec5-b408-fabbb1d3cf75,user32@bank,2025-04-15T14:05:30.036678,2744.19,Chennai,legit
6131445d-adf9-4bcd-a810-d4f67261fead,user15@bank,2025-04-15T01:02:30.036678,3393.8,Chennai,legit
4caa9a3f-1392-4e2a-9426-f49f2bb2df4e,user29@bank,2025-04-20T10:11:30.036678,3717.81,Mumbai,legit
fc8b8f42-0f89-406c-8e93-e2ae50c10467,user31@bank,2025-04-18T13:38:30.036678,413.75,Chennai,legit
c0775fb0-a32e-4676-83ba-7844054cd2e1,user38@bank,2025-04-15T00:30:30.036678,3263.52,Delhi,legit
d12172d8-43ef-4008-a32d-ff5800b487f5,user59@bank,2025-04-15T04:46:30.036678,2392.25,Delhi,legit
054785e5-401e-4fa6-8a2a-58bcca876b0a,user63@bank,2025-04-18T17:20:30.036678,1474.58,Chennai,legit
15bac0e1-fdc5-416b-b623-b3203c11be39,user50@bank,2025-04-15T17:02:30.036678,643.88,Mumbai,legit
ec07214b-0699-4f4f-81aa-893a3c6e3ac2,user34@bank,2025-04-16T12:12:30.036678,2808.97,Delhi,legit
48f88e27-75d8-4c61-b160-d305453fe6b4,user35@bank,2025-04-17T00:05:30.036678,1419.25,Mumbai,legit
607293c2-6509-4d4a-a4a0-2c641e1ad717,user22@bank,2025-04-18T23:01:30.036678,1902.25,Mumbai,legit
270e7c72-ab24-4da9-9954-6cb4ea209ab1,user56@bank,2025-04-16T02:22:30.036678,1873.01,Chennai,fraud
d48b3eb1-f740-4da7-b880-5352d17276ac,user26@bank,2025-04-20T06:53:30.036678,1214.46,Delhi,legit
7860631c-7fa6-45c8-a22a-b478247cfbea,user87@bank,2025-04-20T21:32:30.036678,1041.53,Chennai,legit
2d0f7618-f339-4114-9514-7cecb651141d,user77@bank,2025-04-16T19:59:30.036678,928.5,Delhi,legit
e10ee20d-cf59-4de9-8ff8-4f034d01d2d5,user55@bank,2025-04-17T17:22:30.036678,322.55,Chennai,legit
dff20218-3ddd-46eb-9912-8bbcb0d88dcf,user89@bank,2025-04-20T14:13:30.036678,1948.27,Delhi,legit
0b78b5d8-f928-4d3b-8bb3-44a9bd7afab8,user32@bank,2025-04-21T01:59:30.036678,2394.95,Delhi,fraud
7c203760-5a68-45d2-903f-fa9ba080768d,user74@bank,2025-04-15T16:52:30.036678,1198.02,Chennai,legit
c912ac1a-868b-4efc-b5e8-62771bee234b,user82@bank,2025-04-21T11:45:30.036678,4147.15,Chennai,legit
9cd7cd95-f9a5-41f3-ae30-8002ecca7c84,user94@bank,2025-04-16T20:08:30.037675,751.56,Chennai,legit
08334e6f-01c4-447e-978b-dbb84578b4e9,user84@bank,2025-04-20T19:27:30.037675,1751.83,Mumbai,legit
6b018caa-0637-4538-90d4-ac981a3845a8,user35@bank,2025-04-16T07:15:30.037675,4380.73,Mumbai,legit
61ee2b2f-13d6-478e-8efe-893f029694ed,user54@bank,2025-04-17T04:23:30.037675,1914.44,Delhi,fraud
cf116ff1-d07b-4198-b0b6-7df2d5da7442,user49@bank,2025-04-16T07:23:30.037675,2373.21,Delhi,legit
af65eae0-27ad-4806-bfd5-da19f6bd89d9,user13@bank,2025-04-16T14:04:30.037675,1246.59,Delhi,legit
19ff91de-46cc-45ff-afeb-711e8e931c44,user100@bank,2025-04-15T20:02:30.037675,2908.33,Delhi,legit
40742773-1f6f-4f4d-bd27-ec9ad644ab20,user62@bank,2025-04-15T17:50:30.037675,762.13,Mumbai,legit
e22195c0-66dd-400a-ba39-dda3ae576321,user64@bank,2025-04-21T01:06:30.037675,248.92,Mumbai,legit
96c59e23-0548-42fc-a65f-517c683ab054,user9@bank,2025-04-19T23:23:30.037675,2139.13,Delhi,legit
f5db3394-2955-4724-b83a-d060505a53e0,user28@bank,2025-04-16T17:27:30.037675,2736.63,Chennai,legit
441b2473-94aa-4a6a-8edf-292ae4b6d29c,user32@bank,2025-04-14T20:44:30.037675,1449.13,Chennai,legit
4d9b31b5-5930-4aaf-a26c-ee35e0de80e4,user8@bank,2025-04-20T08:31:30.037675,1684.11,Mumbai,legit
aad17f4e-502a-4fcd-bdb9-d955a20b39ba,user22@bank,2025-04-20T08:52:30.037675,4368.36,Mumbai,legit
173d0724-786d-43d2-87b0-669926938167,user22@bank,2025-04-21T07:03:30.037675,1448.48,Chennai,legit
2f8638c6-9ba9-488b-8293-b491bdf1612a,user38@bank,2025-04-20T22:29:30.037675,63.35,Chennai,legit
94652887-0c74-4f35-987d-ccebefacf1aa,user44@bank,2025-04-16T02:23:30.037675,519.0,Chennai,legit
5ed27bcc-021e-4bfc-b0a1-e0f9733934ce,user66@bank,2025-04-18T22:41:30.037675,1613.89,Delhi,legit
d2459817-a60a-4766-bd77-380fba6f4b19,user18@bank,2025-04-21T02:27:30.037675,930.06,Mumbai,legit
dffabe27-70b7-4a2e-8503-8ed76cf2282a,user64@bank,2025-04-14T23:55:30.037675,1998.62,Mumbai,legit
e537751f-cf60-42c0-a0fb-ceeddecc6233,user27@bank,2025-04-20T03:06:30.037675,1112.77,Mumbai,legit
c9084b62-60f9-43a8-9014-5d0c179e26c7,user3@bank,2025-04-19T03:23:30.037675,3182.58,Mumbai,legit
a83b6803-b53a-4aac-a1a9-59628cad7f42,user14@bank,2025-04-15T01:56:30.037675,4508.84,Mumbai,legit
cfa1eee6-48c0-45b7-9684-72fb18d26764,user46@bank,2025-04-20T16:51:30.037675,1924.63,Mumbai,legit
57e2b860-f774-4fa6-95a1-ecaddabe6c38,user9@bank,2025-04-20T19:00:30.037675,2746.55,Mumbai,legit
d95e4a78-9d9a-4264-91e1-40dcf8fa3ff6,user6@bank,2025-04-18T01:54:30.037675,1306.01,Delhi,legit
d2c3c50d-4339-4e74-b04c-edf5082d296a,user67@bank,2025-04-20T13:30:30.037675,3961.1,Mumbai,legit
00e75245-62e6-4785-86a5-1304c7dcb838,user83@bank,2025-04-16T00:49:30.037675,695.77,Chennai,legit
450341d9-b7c3-4be4-b1d6-b7c7a8f32161,user19@bank,2025-04-16T03:56:30.037675,4680.78,Chennai,legit
7639fc2f-d84f-40c4-9eee-fbb0081d712d,user49@bank,2025-04-16T06:24:30.037675,464.13,Delhi,legit
745f955f-9bde-4347-84ee-19e030d165a9,user49@bank,2025-04-15T16:29:30.038672,4675.9,Delhi,legit
bf0802fc-d499-465a-9fc2-4a429a3e80d9,user43@bank,2025-04-19T00:39:30.038672,4883.16,Chennai,legit
95d5c305-eb04-4300-87db-ba7b929008f3,user32@bank,2025-04-17T21:31:30.038672,489.19,Chennai,legit
b77c7ac8-9d7e-4d55-adbb-9ffc859a6def,user52@bank,2025-04-17T18:16:30.038672,4904.5,Mumbai,legit
dff77d8a-ba8d-4c6a-a89a-0c021a65ddc8,user74@bank,2025-04-15T11:32:30.038672,2412.09,Chennai,legit
38c40adc-1671-48d2-971a-48ef9c6fe5ae,user31@bank,2025-04-15T18:43:30.038672,776.83,Mumbai,legit
